Phen1,Phen2,Phen3,Phen4,Phen5,Phen6,Phen7,Phen8,Phen9,Phen10,Phen11,Phen12
-0.560475647,-0.220486562,0.516862044,-0.343917234,-1.364037452,1.77950291,-1.509166537,0.582991406,0.397842209,1.012834336,-0.759398117,0.665159876
-0.230177489,0.331781964,0.368964527,0.090496647,-0.200781016,0.28642442,-0.095147451,-1.316510402,-0.550223741,-0.201458147,2.684858999,1.317820884
1.558708314,1.096839013,-0.215380508,1.598508771,0.865779404,0.126315858,-0.895947823,-2.809774679,0.091267383,-2.037682494,-0.458390139,-0.09548759
0.070508391,0.435181491,0.065293034,-0.088565112,-0.101883256,1.272266779,-2.070751071,0.464967991,-1.961707599,-0.195889249,0.064243557,0.196278045
0.129287735,-0.325931586,-0.034067254,1.080799496,0.624187472,-0.718466221,0.150120131,0.840539827,-1.119899721,0.539790606,0.649791867,2.487997877
1.715064987,1.148807618,2.128451899,0.630754116,0.959005378,-0.450338624,-0.079211709,-0.285845424,-1.327755476,0.616455716,-0.026018635,0.431098928
0.460916206,0.993503856,-0.741336096,-0.113639896,1.671054829,2.39745248,-0.097369268,0.504126255,-0.853623697,0.616567817,-0.643567387,0.188753109
-1.265061235,0.54839696,-1.095996267,-1.532902003,0.056016733,0.011129187,0.216152542,-1.155916525,-0.693304528,-1.692101521,1.045305664,-1.342243125
-0.686852852,0.238731735,0.037788399,-0.521117318,-0.051981906,1.633568421,0.882465164,-0.127148607,0.382305143,0.368742058,1.615545323,0.002856048
-0.44566197,-0.627906076,0.310480749,-0.489870453,-1.753237359,-1.438506645,0.205597504,-1.941518376,0.982113003,0.96785921,-0.029693971,-0.221326153
1.224081797,1.360652449,0.436523479,0.047154433,0.099327594,-0.190516802,-0.616435843,1.181180891,-0.727383529,1.276578681,0.562267345,-0.01104583
0.359813827,-0.600259587,-0.458365333,1.300198678,-0.571850058,0.378423904,-0.734799252,1.859910862,-0.996838982,-0.224961271,-0.097412499,-0.575417641
0.400771451,2.187332993,-1.063326134,2.293078974,-0.974009583,0.300038545,-0.131802793,1.07401226,-1.041688859,-0.321892586,1.016455218,-0.686815652
0.110682716,1.532610626,1.263185176,1.547581059,-0.179906231,-1.00563626,0.310016987,-0.027346966,-0.414588726,1.487837832,-1.156167394,-0.720773632
-0.555841135,-0.235700359,-0.349650388,-0.133150964,1.014943173,0.019259275,-1.039680353,-0.033330342,-0.239029068,-1.667928046,2.320860224,-0.214504515
1.786913137,-1.0264209,-0.865512863,-1.756527396,-1.992748489,-1.077420653,-0.184308869,-1.516067623,0.483617534,-0.436829977,-0.603531248,1.368132648
0.497850478,-0.710406564,-0.236279569,-0.388779864,-0.427279287,0.712703325,0.96726726,0.790385344,-0.321324842,0.457462079,-1.458849414,1.049086627
-1.966617157,0.256883709,-0.197175894,0.089207223,0.116637284,1.08477509,-0.108280091,-0.210734181,-2.078489269,-1.617773765,-0.350917827,-0.359975118
0.701355902,-0.246691878,1.10992029,0.845013004,-0.89320757,-2.224987696,-0.698420668,-0.656742925,-0.091434276,0.279627862,0.146708484,-1.685916455
-0.472791408,-0.347542599,0.084737292,0.962527968,0.333902942,1.235693462,-0.275945168,-1.412025793,1.187186811,1.877864021,1.623621208,-0.844583429
-1.067823706,-0.951618567,0.754053785,0.684309429,0.411429921,-1.241044497,1.114648545,-0.299762497,1.191601269,-0.004060653,0.911209677,-0.457760533
-0.217974915,-0.045027725,-0.499292017,-1.39527435,-0.033036159,0.454769269,0.550043961,-0.849061135,-0.788963218,-0.278454025,0.142458432,0.103638004
-1.026004448,-0.784904469,0.21444531,0.849643046,-2.465898194,0.659902638,1.2366758,-0.39703052,-1.547776544,0.474911714,-1.389483524,-0.662607276
-0.728891229,-1.667941937,-0.324685911,-0.446557216,2.571458146,-0.199889828,0.139097857,-1.217599988,2.458060492,-0.279072171,-0.866037745,2.006680691
-0.625039268,-0.38022652,0.094583528,0.1748027,-0.205299257,-0.645113957,0.410275096,1.687589483,-0.162421942,0.813400374,-0.163284932,-0.272267534
-1.686693311,0.918996609,-0.895363358,0.074551177,0.651193282,0.165321021,-0.558456912,-0.016002527,-0.09745125,0.904435464,2.553026113,-1.21394447
0.837787044,-0.575346963,-1.310801533,0.428166765,0.273766491,0.438818701,0.605370669,1.074945077,0.420574189,0.002691661,-1.860227574,-0.141261757
0.153373118,0.607964322,1.997213385,0.024674983,1.024673235,0.88330282,-0.506333542,-2.60169967,-1.614039457,-1.176692158,1.131054652,-1.005377582
-1.138136937,-1.617882708,0.600708824,-1.667475098,0.817659446,-2.052336984,-1.420565505,-0.45319783,-0.728219111,-1.318220727,-0.527234257,0.156155707
1.253814921,-0.055561966,-1.251271362,0.736495965,-0.209793171,-1.636379268,0.127992966,-0.675482292,-1.540442405,-0.592997366,1.6659909,0.233633614
0.426464221,0.519407204,-0.611165917,0.386026568,0.378167772,1.430402341,1.945851218,-1.222926179,-0.693094614,0.797380501,-1.13920064,0.355587612
-0.295071483,0.301153362,-1.185480085,-0.265651625,-0.945408831,1.046628847,0.80091434,1.546609154,0.118849433,-1.958205175,0.143623235,-1.621858259
0.895125661,0.105676194,2.198810349,0.118144511,0.856923011,0.435288949,1.16525339,-1.41528192,-1.364709458,-1.886325159,-1.099550942,0.220711291
0.878133488,-0.640706008,1.312412976,0.134038645,-0.461038339,0.715178407,0.358855723,0.31839026,0.589982679,-0.653779825,0.903516426,0.310450081
0.821581082,-0.849704346,-0.265145057,0.221019469,2.416773354,0.917174918,-0.608557178,0.846436286,0.289344029,0.394394848,1.483779489,-1.421108448
0.688640254,-1.024128791,0.543194059,1.640846166,-1.651048896,-2.660922798,-0.202240855,0.178190188,-0.904215026,-0.913566048,1.950721006,0.95536564
0.553917654,0.117646597,-0.414339948,-0.219050379,-0.463987243,1.110277097,-0.273248107,-0.875255477,0.226324942,0.886749037,0.797600658,0.784170879
-0.061911711,-0.947474614,-0.476246895,0.168065384,0.825379863,-0.484987597,-0.46869978,0.941165807,0.748081162,0.33336997,1.843266255,2.299619361
-0.305962664,-0.490557444,-0.788602838,1.168383873,0.510132547,0.230616831,0.704167284,0.170588082,1.061095253,-0.170639618,1.246423909,0.156702987
-0.380471001,-0.256092192,-0.594617267,1.054181023,-0.589481039,-0.295157801,-1.197363502,-1.063497906,-0.212848279,0.818828137,-0.131874912,0.046733528
-0.694706979,1.843862005,1.650907467,1.14526311,-0.996780742,0.871964954,0.866366132,-1.388049048,-0.093636794,0.388365163,0.477037238,0.096585834
-0.207917278,-0.651949902,-0.054028125,-0.577468001,0.144475705,-0.348472449,0.864152486,2.086717434,-0.086714135,-0.445935027,-0.971994211,0.069766231
-1.265396352,0.235386572,0.119245236,2.00248273,-0.014307413,0.518503766,-1.198622359,-0.678503145,1.441461756,0.231114934,-0.185202169,-1.848472775
2.168955965,0.07796085,0.24368743,0.066700871,-1.790281237,-0.390684979,0.639491998,-1.855571654,1.125071892,0.647513358,1.220963708,-1.671127059
1.207961998,-0.961856634,1.232475878,1.866851845,0.034551067,-1.092787209,2.430226652,0.533259363,0.834401568,0.356283345,0.541284143,-0.077538967
-1.123108583,-0.071308086,-0.516063831,-1.350902686,0.190230316,1.21001051,-0.557215482,0.310230256,-0.2873408,-0.658010208,0.457357332,-0.581067381
-0.402884835,1.444550858,-0.99250715,0.020983586,0.174726397,0.740900011,0.844904241,-1.353834336,0.373241434,0.855202205,-1.03813104,0.054736525
-0.466655354,0.451504053,1.675696932,1.249914571,-1.055017043,1.724262239,-0.782201846,-1.942956414,0.403290331,1.152936226,-0.60451323,-2.111208373
0.779965118,0.041232922,-0.441163217,-0.715242187,0.476133278,0.065153933,1.110711418,-0.116302517,-1.041673294,0.276274557,-0.764606014,-1.498698255
-0.083369066,-0.422496832,-0.72306597,-0.752688968,1.378570137,1.125002746,0.24982472,1.139396292,-1.728304515,0.144104662,0.39529587,-1.101483439
0.253318514,-2.053247222,-1.236273119,-0.938538704,0.456236403,1.975419054,1.651915392,0.636124035,0.641830028,-0.075625081,-0.99050763,0.986058221
-0.028546755,1.131337213,-1.284715722,-1.052513279,-1.13558847,-0.281482115,-1.458970729,-0.492937424,-1.529310531,2.161415846,0.56204139,-1.098490007
-0.042870457,-1.460640071,-0.573973479,-0.437159533,-0.43564547,-1.322951113,-0.051297886,-0.834188232,0.001683688,0.276315532,-1.116416412,-0.799513954
1.368602284,0.739947511,0.617985817,0.331179173,0.34610362,-0.239351567,-0.526925176,0.271066757,0.250247821,-0.158294029,1.828530458,0.079873819
-0.225770986,1.909103569,1.109848139,-2.014210498,-0.647045631,-0.21404124,-0.197264869,0.157353347,0.56386739,-2.507917802,0.460591349,-0.322746362
1.516470604,-1.443893161,0.707588354,0.211980433,-2.157646335,0.151680505,-0.629578743,0.629711747,0.189426238,-1.565281765,-0.701003612,0.146417179
-1.548752804,0.701784335,-0.363657297,1.236675046,0.88425082,1.712304977,-0.833843581,-0.39579795,-0.732853806,-0.077673201,0.241045933,2.305061982
0.58461375,-0.262197489,0.059749937,2.037574018,-0.829477612,-0.326143893,0.578722375,0.899354053,0.98636586,0.206294045,-0.352453199,-1.124603671
0.123854244,-1.572144159,-0.704596464,1.301175992,-0.573560271,0.373004656,-1.087580714,-0.830811527,1.738633767,0.276872459,0.37114796,-0.30546964
0.215941569,-1.514667654,-0.717218162,0.756774764,1.503900609,-0.227684065,1.484030932,-0.3305447,0.881178809,0.82150678,0.243532719,-0.51675945
0.379639483,-1.601536174,0.884650499,-1.726730399,-0.77414493,0.020450709,-1.186206585,0.740814524,-1.943650901,-0.194152409,-1.014114173,1.512395427
-0.502323453,-0.530906522,-1.015592579,-0.601506708,0.84573154,0.314057664,0.101079151,0.989971609,1.399576185,1.214588794,-0.791313879,-0.769484923
-0.333207384,-1.461755585,1.955293965,-0.352046457,-1.260682879,1.328214696,0.532989287,-1.938504701,-0.056055946,-0.921516043,0.299593685,-0.082086904
-1.018575383,0.687916773,-0.090319594,0.703523903,-0.354542403,0.121318377,0.586735339,0.107190407,0.524914279,-1.20844272,1.639051909,0.787133614
-1.071791226,2.100108941,0.214538827,-0.105671334,-0.073556019,0.71284232,-0.301746664,0.608779012,0.622033236,-1.228986178,1.084617009,-1.058590536
0.303528641,-1.287030476,-0.738527705,-1.258648628,-1.168651424,0.77886003,0.079501995,-1.450824313,-0.096686073,0.742297024,-0.624567474,1.655175816
0.448209779,0.787738847,-0.57438869,1.684435708,-0.634748265,0.914773271,0.961264152,0.4806256,-0.075263198,-0.082919942,0.825922902,0.675762415
0.053004227,0.769042241,-1.317016132,0.911391292,-0.028841553,-0.574394552,-1.456465917,-0.82817427,1.019157069,0.789817922,-0.048568353,-1.07420661
0.922267468,0.332202579,-0.182925388,0.237430272,0.670695969,1.626881214,-0.781739712,1.020253012,0.711601922,-0.267706422,0.301313652,0.454577809
2.050084686,-1.008376608,0.418982405,1.21810861,-1.650546543,-0.380956739,0.320402314,0.538482032,0.990262246,-0.591892102,0.260361491,-0.213307143
-0.491031166,-0.119452607,0.324304344,-1.338774287,-0.349754239,-0.105784168,-0.444781978,0.769052295,2.382926695,-0.368352575,2.575449764,0.313228772
-2.309168876,-0.280395335,-0.781536487,0.660820298,0.756406439,1.404050268,1.370003994,0.120719329,0.664415864,-1.852616824,-1.185288811,-0.089975197
1.005738524,0.562989533,-0.788621971,-0.522912376,-0.53880916,1.294083906,0.673253863,0.863648434,0.207381157,-1.16961526,0.100919859,1.070516037
-0.709200763,-0.372438756,-0.502198718,0.683745522,0.227291922,-1.089991872,0.072166752,1.380514528,-2.210633111,-1.442034646,-1.779977288,-1.351100386
-0.688008616,0.976973387,1.49606067,-0.060821955,0.49222857,-0.873071,-1.507757318,1.966248015,2.691714003,1.054322272,0.589835923,-0.522616697
1.02557137,-0.374580858,-1.137303621,0.632960713,0.267835015,-1.358079059,0.026100225,-0.028395055,-0.482676822,-0.597330091,1.096608472,-0.249190678
-0.284773007,1.052711466,-0.179051594,1.335517615,0.653257679,0.181847193,-0.316415868,-2.24905109,2.374734715,0.789459853,1.445662241,-0.560475647
-1.220717712,-1.049177007,1.902361822,0.00729009,-0.122708661,0.164840868,-0.102346514,0.031526005,0.374643568,1.516490602,-1.925145252,-0.230177489
0.18130348,-1.260155245,-0.100974885,1.017558637,-0.413676514,0.364114687,-1.181559227,0.205561208,1.538430199,-0.191774809,0.412769497,1.558708314
-0.138891362,3.241039935,-1.359840704,-1.188434035,-2.643148952,0.552157714,0.498658044,-0.155345347,-0.109710321,0.283878906,1.593369951,0.070508391
0.005764186,-0.416857588,-0.664769435,-0.72160444,-0.092941018,-0.601892846,-1.03895644,0.568288621,0.511470755,-1.751067519,-0.414015863,0.129287735
0.385280401,0.298227592,0.485459979,1.519217711,0.430284696,-0.993698591,-0.226221981,1.010677965,0.21395798,-0.818669778,-0.212150532,1.715064987
-0.370660032,0.636569674,-0.375602872,0.377387973,0.535398841,1.026785056,0.381425829,-0.51798243,-0.186120699,0.056214849,-0.036537222,0.460916206
0.644376549,-0.483780626,-0.561876364,-2.05222282,-0.555278351,0.751061303,-0.783515789,-0.294095327,-0.120393825,0.299086903,0.365018751,-1.265061235
