Phen1,Phen2,Phen3,Phen4,Phen5,Phen6,Phen7,Phen8
1.923,10.421,8.527,7.294,6.715,6.211,5.766,2.39
2.263,6.667,8.101,6.671,7.287,7.329,3.623,3.629
1.809,1.982,1.519,1.323,0.992,1.009,1.354,1.703
4.027,8.085,7.473,6.715,5.932,5.812,5.327,6.941
1.808,9.876,6.196,5.757,4.36,6.534,3.865,1.757
3.318,8.059,8.277,6.165,4.138,5.389,3.969,3.663
2.681,2.514,3.473,2.88,1.922,2.256,2.373,3.583
3.147,8.61,8.357,7.752,5.564,6.594,3.987,2.328
0.63,6.845,3.056,3.772,3.515,3.801,0.874,0.678
3.6,10.747,10.331,9.955,6.248,9.945,5.986,3.043
1.978,10.238,8.736,6.227,5.478,5.981,2.502,2.022
6.392,19.23,17.548,12.487,12.113,14.843,14.044,5.36
4.358,14.681,14.541,10.479,9.99,7.665,5.419,3.401
1.79,13.418,14.197,11.593,12.416,11.472,6.732,5.886
3.131,11.511,11.941,8.038,8.394,7.401,5.381,3.103
1.365,4.392,4.467,2.325,3.137,3.262,1.313,1
6.146,11.18,13.732,11.111,9.23,10.574,12.855,9.655
1.421,14.038,12.93,8.823,9.999,11.727,6.989,4.047
3.365,11.838,9.169,9.11,8.526,10.205,4.623,2.851
2.858,5.941,6.539,4.687,3.18,3.418,4.435,3.832
0.831,1.896,2.02,2.885,2.246,2.548,2.546,2.214
2.038,3.245,2.189,1.632,1.177,2.184,1.312,1.764
2.216,12.108,11.565,9.997,7.451,7.959,6.221,3.64
0.896,9.432,9.706,7.061,6.565,7.847,4.333,2.498
4.41,20.823,27.178,27.597,19.658,17.602,5.236,2.674
4.452,20.441,16.73,16.571,16.612,11.679,11.292,7.109
3.719,12.125,13.638,10.318,10.266,8.625,4.389,3.035
6.869,15.817,18.483,10.853,12.506,11.223,10.67,9.586
6.823,17.945,15.838,14.58,13.392,10.433,9.96,7.302
1.773,5.447,4.886,3.994,2.576,2.862,1.273,0.508
4.311,14.934,12.178,8.072,6.831,7.798,7.933,3.845
3.351,12.543,13.969,9.966,8.508,9.28,8.04,4.441
2.429,4.989,4.868,3.667,3.992,3.343,1.306,0.925
1.271,3.942,1.394,1.475,0.928,0.94,1.043,1.455
3.115,6.339,6.772,6.088,5.045,4.167,3.34,1.582
4.763,15.29,13.038,11.149,9.88,8.864,4.751,5.917
4.539,15.847,17.021,15.103,14.349,14.861,11.659,8.802
3.714,7.315,5.62,5.73,3.869,5.672,4.929,2.908
0.803,3.182,1.89,1.584,0.754,1.02,0.9,0.616
1.429,6.278,7.875,2.219,2.635,3.383,2.145,0.992
2.355,9.174,5.549,5.789,5.194,3.703,3.659,3.46
3.783,8.34,8.006,6.145,4.85,7.638,4.559,2.757
2.918,15.01,16.78,15.519,10.954,8.178,8.826,6.073
1.039,0.898,1.293,0.644,0.311,0.156,0.212,0.287
3.69,12.21,11.848,7.408,6.299,7.648,8.952,5.342
3.593,4.632,6.467,3.734,3.428,2.895,2.736,2.738
2.369,14.13,11.315,9.145,7.714,7.594,2.364,2.356
5.665,12.843,10.356,9.52,8.664,8.108,6.852,7.531
3.815,14.92,17.199,16.37,9.67,13.304,6.655,7.748
3.562,11.913,11.699,10.771,7.454,10.206,5.781,3.843
0.993,2.277,2.43,1.61,1.86,1.371,0.985,1.199
0.622,4.165,2.853,2.744,1.409,2.199,1.039,0.989
3.922,13.083,13.556,10.186,9.398,9.189,8.11,6.574
5.664,12.283,9.655,7.253,8.355,7.251,7.848,6.719
2.608,4.434,4.012,2.626,1.742,2.449,3.526,2.367
1.813,13.977,15.037,11.166,9.633,7.95,7.973,5.027
2.221,7.603,5.747,4.8,4.548,5.625,2.546,2.12
4.419,13.601,12.867,11.251,10.26,10.625,10.207,6.532
3.082,10.786,9.505,7.343,6.84,7.674,7.446,4.153
2.105,3.739,4.479,3.278,3.402,4.133,2.987,1.628
5.835,18.85,21.75,14.898,14.836,14.976,7.434,5.061
3.954,12.495,12.905,10.939,10.426,9.878,11.055,6.818
2.195,5.014,8.327,5.886,4.515,5.662,3.377,1.793
1.823,3.006,3.213,2.165,1.825,1.146,1.455,1.318
2.277,4.713,5.259,2.344,3.593,3.158,4.494,3.243
3.238,6.465,7.053,5.892,6.999,6.418,3.483,3.542
3.853,14.164,15.543,11.112,12.498,9.223,4.029,3.423
1.87,7.872,9.768,5.648,5.107,4.601,4.835,1.651
2.558,4.834,4.558,3.098,3.112,2.739,3.222,1.686
2.776,12.074,13.312,10.441,8.828,10.791,6.415,4.364
0.65,1.041,1.671,1.579,0.872,1.593,0.622,0.297
2.462,5.091,6.917,4.439,4.755,3.38,2.035,1.493
5.865,13.691,10.717,8.548,7.721,8.405,7.897,7.879
2.396,7.027,9.032,6.69,7.946,6.152,3.938,2.429
5.968,13.592,12.433,9.563,7.583,10.855,7.768,5.252
1.084,9.001,7.487,5.582,6.934,5.364,4.385,1.57
1.245,4.102,3.477,3.8,3.102,3.621,2.449,2.394
2.931,10.434,9.283,6.967,6.289,7.73,5.886,4.095
0.834,3.354,3.337,2.441,2.664,2,1.806,0.459
2.22,8.967,10.133,7.085,6.2,8.784,5.684,2.991
1.313,2.997,2.526,3.002,1.898,1.747,2.691,2.032
5.341,14.402,12.347,10.907,9.926,12.97,8.964,6.501
6.491,22.598,20.261,20.044,16.688,13.087,11.584,10.497
2.661,7.245,8.328,6.806,7.046,5.163,3.38,2.615
1.056,5.011,4.977,3.249,3.672,2.961,2.647,1.701
6.37,17.757,14.935,10.28,9.173,11.082,7.678,4.166
2.554,8.532,7.008,6.788,5.867,5.726,3.469,1.769
1.353,4.663,5.089,2.973,3.859,3.195,2.029,1.12
2.051,6.428,8.189,4.989,5.603,5.233,5.734,2.999
2.63,5.936,7.902,3.765,3.613,3.814,5.665,3.209
2.997,9.692,12.02,8.479,8.161,8.311,8.525,5.659
1.569,4.403,2.837,3.725,1.075,1.395,2.835,1.999
2.415,13.335,12.591,13.173,8.024,10.703,5.431,1.638
3.416,13.244,20.085,15.615,11.267,15.579,7.003,4.105
1.315,3.997,5,4.241,3.245,1.919,1.961,2.289
4.851,17.339,19.319,13.687,12.599,15.658,8.325,7.21
6.238,32.208,27.478,29.683,18.334,21.217,10.58,7.954
2.672,7.032,9.001,3.93,3.786,4.42,2.216,1.493
5.937,20.047,16.792,12.564,11.763,12.045,13.176,6.832
3.198,8.856,9.632,5.918,5.249,6.51,5.153,3.313
2.402,4,2.765,1.827,2.037,1.049,1.198,2.116
3.763,13.379,14.211,10.265,9.015,11.098,6.058,4.72
4.58,13.365,11.475,9.18,9.024,7.852,5.565,5.662
6.057,16.611,12.384,12,11.211,14.297,8.379,7.502
3.149,7.974,6.86,6.081,4.92,8.069,4.011,2.557
5.643,10,14.567,9.806,11.118,10.725,5.744,2.176
3.694,14.215,17.733,13.818,11.267,9.464,6.644,4.263
2.141,2.218,1.857,1.46,1,1.153,1.331,1.881
0.994,9.475,9.528,7.374,6.784,5.614,2.718,1.404
3.715,6.304,12.441,8.838,6.407,8.263,6.483,5.412
3.724,14.68,15.304,11.334,10.337,12.37,5.416,3.891
1.791,5.023,7.256,4.269,4.164,4.329,1.65,1.251
4.063,5.368,5.889,6.906,3.43,2.99,4.654,3.144
4.06,9.252,7.441,5.66,6.517,6.073,12.009,9.263
2.832,4.193,5.637,3.851,2.342,2.393,4.473,2.593
4.868,17.417,19.965,14.645,15.696,11.485,6.537,3.52
2.12,4.397,4.851,3.545,3.529,2.737,3.964,2.022
4.351,18.991,19.87,14.299,12.215,13.996,8.779,2.717
4.969,21.005,19.472,15.021,9.606,14.781,5.958,3.036
1.559,4.73,4.277,2.946,1.54,2.521,3.916,2.054
2.92,32.394,32.926,25.632,21.253,21.58,8.637,4.212
2.595,8.259,8.785,6.842,4.981,7.632,6.081,4.397
3.952,10.024,9.542,6.078,6.27,6.818,5.402,3.076
5.602,10.083,10.978,11.896,8.695,9.592,8.003,7.918
5.377,7.198,9.494,5.428,6.788,5.062,5.689,3.325
2.444,14.555,16.637,14.577,10.078,13.701,7.001,3.974
3.485,20.919,22.316,12.221,16.605,12.387,8.72,6.578
1.25,4.674,4.575,4.791,2.611,3.098,2.739,2.813
3.763,11.793,9.833,7.043,7.513,5.254,5.025,2.039
2.589,4.969,4.047,3.451,2.216,2.155,2.988,3.533
1.509,13.958,9.816,8.976,9.574,9.926,2.66,1.178
4.778,16.628,12.715,13.209,10.821,10.812,4.002,2.026
4.415,12.892,11.733,8.528,7.121,4.755,5.889,4.545
2.614,9.89,8.388,6.581,6.738,6.435,2.938,2.992
3.347,5.209,4.04,3.866,4.265,2.483,3.105,4.96
4.606,22.498,17.975,15.908,17.111,18.782,12.967,6.564
1.907,10.98,7.663,6.951,5.672,6.614,4.657,1.801
1.552,5.726,6.543,4.838,3.787,4.587,3.55,1.26
7.225,32.836,34.118,25.962,26.094,26.095,21.199,10.213
0.947,7.566,6.754,4.589,5.929,3.708,1.316,0.772
2.439,15.053,14.28,8.538,10.124,10.216,6.297,4.066
2.377,2.679,2.119,1.611,1.375,1.532,3.661,2.796
4.008,9.919,11.036,7.215,8.866,8.56,3.207,1.958
1.814,4.024,3.066,1.891,1.781,1.412,1.921,1.323
5.68,13.141,15.591,11.208,8.546,10.392,6.336,3.594
1.921,10.466,8.449,10.338,5.607,8.214,3.759,3.058
1.431,7.05,8.616,7.166,5.018,6.196,2.496,1.996
0.92,4.486,3.608,2.776,3.017,2.011,1.96,2.22
3.845,7.422,7.275,5.025,5.109,4.45,4.86,4.722
1.715,1.224,0.983,1.478,0.783,1.335,1.183,1.853
1.279,2.527,4.801,2.457,1.638,1.754,1.682,2.156
4.144,13.432,13.018,11.608,8.445,8.486,8.249,6.485
2.638,3.647,3.391,2.887,2.234,1.966,0.861,1.034
3.32,12.689,13.267,8.055,8.284,7.431,9.992,5.187
2.203,3.799,3.661,3.808,2.273,2.471,1.806,0.914
2.719,14.179,17.74,13.773,14.715,14.412,7.046,4.095
5.251,17.295,15.466,14.985,14.932,11.189,14.938,10.788
2.714,6.449,6.294,6.588,4.637,4.99,4.433,7.356
4.329,13.361,16.28,9.256,9.15,7.393,7.04,5.082
1.825,8.261,8.236,6.852,7.399,7.052,3.388,1.14
4.796,19.132,17.715,11.532,12.104,11.897,7.744,5.998
0.856,3.868,3.232,3.459,3.149,2.631,0.907,0.991
1.601,3.923,2.769,3.298,2.124,2.234,1.112,0.882
2.983,20.902,18.572,15.365,15.538,14.628,4.259,1.271
2.892,10.247,11.986,10.757,10.637,11.176,8.668,5.567
0.992,8.722,7.41,4.947,4.538,4.306,2.959,1.216
1.221,4.119,2.995,1.851,1.582,1.553,1.943,1.394
0.994,3.316,1.628,1.019,0.979,1.678,0.465,0.142
1.877,3.628,2.545,2.848,2.351,1.748,0.682,1.952
2.201,10.486,7.317,7.587,9.997,5.294,3.691,2.935
2.948,7.494,8.907,6.347,4.621,4.854,2.307,1.534
3.008,6.506,4.721,3.317,4.878,5.265,4.632,3.476
4.77,11.262,13.416,5.878,8.781,7.629,8.788,6.762
3.562,8.44,9.136,4.52,4.981,4.719,3.579,4.666
1.188,6.409,4.146,4.046,2.838,4.179,2.051,1.24
2.999,7.825,6.21,7.543,6.276,5.909,4.172,1.71
0.242,1.709,1.947,1.637,1.49,0.676,0.954,0.621
3.494,13.13,12.39,10.263,9.547,9.493,4.028,3.784
2.93,9.544,14.646,7.499,8.894,8.234,6.555,4.675
4.57,17.767,13.568,12.474,9.493,12.212,9.536,4.612
3.52,12.104,10.562,6.205,6.442,6.516,5.668,3.098
1.211,4.287,2.554,2.739,2.466,2.636,1.892,1.211
1.627,6.681,8.193,6.198,5.752,6.186,4.032,3.167
1.617,3.32,2.435,2.271,2.083,1.942,3.505,1.27
1.687,2.867,2.046,1.432,0.768,1.158,1.866,1.916
0.787,6.321,6.98,4.974,4.245,5.495,3.358,2.093
8.502,20.464,18.869,18.423,14.761,18.015,12.917,5.709
6.757,19.346,16.286,17.933,15.554,16.631,9.967,5.671
3.393,10.681,8.744,11.536,7.545,5.918,5.264,3.293
2.58,10.297,13.378,6.681,5.998,6.425,6.427,2.986
2.801,4.496,7.625,6.388,3.428,3.687,2.623,1.854
2.624,10.706,11.476,8.862,7.866,8.996,3.868,1.449
5.667,20.014,19.838,15.744,16.206,15.881,11.435,6.925
1.697,10.02,8.619,6.243,5.76,6.11,2.442,0.941
7.137,8.218,7.66,4.708,5.458,6.213,4.523,4.9
3.038,10.188,8.138,7.222,6.255,8.602,3.619,1.452
5.563,7.003,7.343,7.062,6.529,5.91,5.236,5.956
3.943,8.579,6.897,5.864,7.629,5.759,7.376,3.986
2.503,5.615,8.841,5.096,4.545,5.13,2.736,2.697
7.323,16.904,23.266,13.571,12.963,16.645,17.205,10.774
1.512,3.952,5.89,4.706,3.091,2.076,0.727,0.801
2.634,15.477,12.392,9.335,6.254,9.616,3.189,0.708
6.367,16.015,13.583,10.687,8.675,10.542,7.396,3.87
1.748,4.483,7.478,6.112,6.158,4.914,2.575,1.8
3.689,11.969,13.065,8.793,8.933,10.805,4.014,1.721
3.36,19.062,19.599,14.513,12.244,13.057,4.78,3.07
5.268,11.976,12.826,10.185,10.52,10.467,4.762,5.51
3.316,6.495,6.195,3.275,3.355,3.148,5.374,5.292
2.581,12.738,10.044,11.518,9.076,7.021,7.69,3.758
2.707,25.359,26.15,21.773,19.754,20.031,8.101,3.444
2.041,10.634,8.16,4.552,5.178,4.481,2.207,1.587
1.469,11.398,11.341,13.14,8.419,8.09,2.375,1.818
6.095,13.476,13.414,10.964,10.635,9.581,10.056,7.96
4.861,17.911,18.447,14.469,13.797,14.315,8.311,5.802
1.877,3.528,7.265,4.885,2.488,4.282,2.259,0.863
3.826,22.881,18.738,15.699,13.675,16.53,10.369,5.244
6.344,19.755,23.705,16.147,13.962,16.938,9.334,3.984
4.511,11.965,12.647,11.828,9.063,8.345,6.839,2.481
2.839,13.564,15.33,11.821,9.147,9.062,5.996,4.139
3.244,16.907,22.842,17.183,14.491,16.373,6.355,3.165
1.504,8.129,5.579,3.715,4.166,4.093,2.584,0.886
2.551,16.259,17.889,12.937,13.962,13.573,9.384,4.331
1.949,6.702,3.749,5.521,4.808,4.312,3.522,3.254
2.013,3.588,3.398,2.742,2.276,1.761,1.172,0.975
2.452,9.88,10.838,6.727,6.711,10.017,3.124,1.897
3.153,10.809,11.044,8.005,6.326,5.684,4.06,3.029
0.712,3.167,4.943,2.568,2.079,2.885,1.166,0.773
6.071,29.697,22.854,18.882,18.045,16.427,12.326,7.845
2.352,8.6,9.615,6.532,7.206,6.526,3.914,4.141
2.977,10.25,12.519,12.054,8.254,7.68,2.409,1.577
4.344,9.205,10.608,6.383,8.39,8.078,10.209,6.995
0.999,5.449,4.001,2.222,2.202,2.114,0.491,0.483
4.054,21.701,19.057,19.909,14.118,12.421,7.203,4.214
2.59,7.724,7.676,5.917,4.664,6.085,4.615,3.623
2.284,13.895,10.157,12.106,8.545,8.908,3.376,3.158
2.208,10.174,10.773,6.008,7.701,7.063,2.766,2.18
4.231,16.39,20.803,14.505,14.82,11.683,10.674,7.347
2.414,7.664,8.495,5.907,6.514,6.252,5.462,2.758
2.818,4.292,3.701,2.516,2.753,3.806,4.466,4.178
4.324,13.547,13.119,9.277,9.564,11.394,9.6,5.855
0.958,5.412,7.715,5.551,3.849,5.463,3.626,2.968
6.456,18.11,22.989,12.785,14.287,14.721,12.558,6.119
5.683,26.202,26.63,23.402,23.213,18.37,18.344,11.557
1.424,4.479,3.552,2.455,1.607,2.221,1.013,0.567
0.428,4.928,5.251,3.362,1.987,2.513,0.904,0.059
2.329,10.397,11.264,8.916,8.223,8.112,7.488,4.774
2.107,4.455,4.332,3.406,2.467,1.714,1.516,1.904
1.39,6.018,4.835,4.374,3.745,2.568,2.042,1.949
5.295,17.847,14.652,10.904,10.714,13.386,7.323,5.701
6.547,20.924,17.052,14.323,15.033,16.86,11.653,6.429
6.578,18.81,15.381,10.87,12.403,11.484,3.384,3.384
2.558,14.955,16.377,12.009,11.442,8.589,4.335,2.239
1.943,16.665,11.588,11.875,12.075,8.379,4.297,1.963
1.63,7.27,5.284,5.742,4.01,4.325,2.714,2.249
1.73,10.436,10.105,7.01,6.168,6.921,2.646,2.993
2.918,14.774,15.489,10.481,12.02,12.101,5.708,5.253
1.7,8.939,9.956,6.347,8.822,5.771,2.13,2.036
1.204,2.096,1.465,1.248,0.83,1.343,1.024,1.21
2.302,5.221,7.184,4.476,6.207,4.183,3.536,3.037
2.975,22.808,22.745,20.323,14.248,17.116,8.74,4.199
2.267,8.994,8.863,7.931,6.712,7.278,2.43,1.591
3.433,14.706,16.062,14.374,9.091,12.451,5.735,2.262
1.551,8.293,6.092,5.668,6.027,4.78,2.689,1.686
3.338,7.688,9.521,6.035,5.152,6.218,4.576,3.455
2.619,8.287,9.936,6.854,6.219,5.663,3.709,3.722
2.43,3.459,3.116,1.858,1.277,1.588,2.629,2.03
5.928,14.047,19.297,15.397,14.086,11.694,13.265,10.751
6.355,22.447,21.893,19.356,16.551,19.446,18.942,12.954
2.952,11.466,11.844,8.578,7.523,7.271,8.344,5.613
4.761,13.862,13.169,7.727,8.229,8.169,10.843,9.2
5.262,8.927,8.139,10.557,8.278,7.084,8.831,6.887
1.872,3.911,4.095,3.537,2.274,1.345,1.638,2.291
1.906,3.691,2.289,2.411,1.888,2.44,2.837,2.511
1.159,13.091,13.566,11.333,8.115,11.853,5.479,1.76
2.502,10.387,11.529,11.198,6.784,6.921,5.047,4.24
3.198,8.184,9.44,8.245,7.201,6.335,5.456,3.29
1.41,5.839,7.481,5.28,5.033,4.174,2.963,2.039
7.59,19.526,18.185,15.366,15.332,14.017,12.062,10.969
1.814,10.334,7.914,8.813,6.835,6.386,4.403,2.188
4.146,7.269,10.095,7.094,7.337,5.53,6.275,6.666
2.09,9.31,11.489,9.517,8.735,10.035,9.431,6.85
3.001,11.193,14.053,12.458,9.91,8.161,7.389,3.007
3.33,11.804,14.386,8.898,7.45,7.394,7.429,6.409
2.152,10.549,10.489,9.563,6.065,7.117,2.948,1.89
2.031,6.586,3.416,3.284,2.373,1.602,1.133,1.504
5.821,20.668,18.697,13.958,12.65,12.33,7.483,4.866
7.298,12.457,12.661,9.011,6.137,8.663,10.097,8.966
6.424,8.52,10.494,9.358,6.292,7.255,9.011,5.491
1.802,13.413,10.004,9.337,7.105,8.031,3.763,2.204
4.979,19.102,21.096,13.39,13.42,12.516,4.226,2.726
3.87,12.156,13.893,13.744,8.399,8.043,6.35,4.268
2.215,8.819,4.399,4.498,2.957,3.121,1.635,0.936
5.195,12.288,14.12,9.039,9.812,10.432,12.753,11.743
3.155,13.813,14.495,8.18,8.296,9.779,7.123,3.21
2.652,6.691,6.69,3.822,3.23,4.399,3.7,2.736
2.18,6.49,8.138,5.333,3.642,4.917,3.254,2.056
1.747,4.758,6.171,5.076,3.918,4.477,2.33,1.675
2.12,4.02,4.581,2.865,3.04,2.771,1.864,1.855
1.292,6.131,5.265,3.073,4.991,4.214,4.63,2.866
3.689,12.897,11.772,9.199,5.28,7.06,7.533,3.828
2.609,12.04,10.473,10.059,8.462,7.804,5.688,4.335
1.789,5.985,9.319,5.211,3.958,4.137,3.508,3.103
2.75,11.498,12.581,7.572,8.288,8.897,5.337,3.141
8.4,11.358,10.655,7.271,6.335,7.823,8.783,7.682
2.115,3.514,3.592,1.984,2.31,2.455,2.32,1.835
1,2.72,2.948,1.597,2.641,1.177,1.604,1.511
3.293,11.923,10.173,7.067,7.558,5.971,5.015,3.082
4.919,11.287,9.167,10.081,8.516,6.458,5.058,6.132
2.417,13.421,9.776,11.866,8.888,6.534,4.243,1.34
5.141,4.181,5.976,4.214,4.34,4.683,4.994,6.194
2.212,5.417,5.077,4.45,3.656,3.315,2.309,2.634
0.672,2.537,2.659,1.109,1.135,1.863,2.093,1.209
4.419,13.38,17.686,12.076,11.396,10.193,9.833,6.959
3.728,10.132,7.873,4.334,5.461,4.369,3.67,1.367
3.223,14.657,11.93,10.274,7.933,7.733,7.474,3.289
6.289,12.546,12.247,8.306,8.347,7.887,7.325,5.59
6.113,11.633,14.815,12.513,9.783,8.563,12.447,7.038
1.88,2.468,2.408,1.933,1.667,0.983,1.055,2.324
3.308,5.825,7.838,5.764,5.151,5.261,5.07,2.956
4.761,18.632,19.545,14.196,12.681,11.739,8.177,5.2
3.132,5.442,6.075,3.287,3.377,5.974,4.288,3.16
3.776,22.963,28.429,18.623,15.472,18.134,4.556,2.183
3.412,14.232,13.612,10.008,8.578,7.303,6.046,3.752
3.817,6.081,7.156,4.833,7.435,3.627,5.577,7.462
4.916,20.82,22.551,15.967,13.734,12.994,7.492,3.874
3.323,6.819,6.484,6.526,6.86,4.122,2.973,3.642
5.177,8.372,6.748,7.289,3.978,5.256,7.248,5.076
3.885,9.106,12.587,7.353,8.148,8.518,4.04,3.363
3.584,9.74,11.666,7.227,5.263,8.036,6.61,4.166
1.755,3.975,4.004,2.747,3.45,2.423,2.141,2.306
2.351,6.791,7.978,7.49,5.321,5.386,2.135,1.462
2.287,15.318,19.555,14.628,12.68,12.795,8.048,2.204
6.031,8.478,7.749,8.009,8.974,7.166,7.818,8.883
4.274,9.083,9.361,5.732,5.97,7.144,4.85,2.833
7.112,17.383,17.443,17.688,17.337,15.992,14.864,9.9
2.003,1.592,1.517,0.988,0.825,0.947,1.73,0.973
4.62,12.183,11.748,8.312,9.206,8.086,6.874,3.681
1.515,5.435,6.176,5.303,2.757,4.008,2.328,0.849
3.89,11.856,13.796,9.786,8.403,8.854,5.873,2.536
3.049,8.091,9.77,6.734,6.074,6.203,3.464,1.737
9.416,22.119,27.543,21.49,19.364,19.916,8.822,4.792
1.698,5.872,4.77,4.043,3.501,2.349,3.03,1.732
2.593,5.805,5.141,3.651,4.439,4.954,4.783,4.868
1.478,7.852,7.129,4.71,4.131,3.994,1.673,1.092
0.423,3.595,2.972,2.529,2.7,1.333,0.722,0.596
3.033,16.463,17.127,12.136,12.096,10.658,7.016,2.855
4.013,11.231,10.954,8.695,7.897,7.827,8.184,5.779
3.202,7.812,5.827,4.687,3.838,5.378,1.47,1.041
0.974,8.059,7.686,4.197,5.224,3.391,1.191,0.773
2.712,6.604,7.254,8.37,7.005,7.378,3.522,4.041
4.573,20.258,19.841,14.717,14.135,15.166,5.884,3.681
3.365,7.704,10.818,10.736,9.456,7.884,7.605,5.106
1.325,1.128,1.138,1.069,0.557,0.699,0.577,1.456
1.379,4.933,4.325,4.811,3.278,3.057,1.973,1.827
6.024,28.178,21.137,15.699,18.268,17.448,10.319,7.306
4.24,17.03,17.258,17.088,12.191,11.484,9.229,4.032
3.307,14.067,13.509,12.336,10.492,9.245,6.782,6.907
3.792,9.695,11.387,8.392,7.994,9.374,9.153,4.353
2.497,5.932,6.428,5.262,5.493,4.374,4.248,1.75
1.725,2.351,1.544,1.766,1.18,0.911,1.369,1.41
2.915,10.268,13.354,11.492,9.374,9.716,5.142,4.04
3.881,17.93,16.228,9.678,12.09,12.265,7.782,5.954
3.135,15.242,17.168,13.129,10.343,9.661,5.34,1.498
2.506,9.285,7.828,9.558,7.368,7.954,6.56,3.652
1.818,10.397,7.459,5.59,4.834,5.804,3.262,1.207
4.893,14.221,17.357,10.329,11.904,14.971,8.871,3.382
1.485,15.237,17.027,9.853,9.976,11.145,6.11,1.983
0.899,3.095,2.052,2.283,2.663,1.694,2.055,0.826
2.937,13.049,11.13,7.365,5.924,8.763,4.211,1.085
2.005,14.562,12,4.853,6.194,7.005,5.942,2.895
2.205,4.738,5.997,5.177,3.525,4.442,2.797,1.879
0.78,0.258,0.308,0.22,0.177,0.279,0.246,0.632
1.524,4.824,5.076,4.128,4.314,3.883,2.835,2.028
1.53,9.678,7.078,6.546,7.217,5.877,3.356,2.548
2.452,10.079,15.278,11.3,9.543,9.402,8.296,4.307
1.516,6.189,4.031,3.955,3.904,3.511,2.012,1.322
1.134,4.104,2.685,1.696,2.006,2.955,0.669,0.696
1.758,13.123,13.405,12.163,7.488,7.536,4.431,1.536
5.248,12.724,9.998,12.567,8.737,8.669,9.577,6.571
0.969,2.876,2.058,1.658,1.145,1.991,0.681,1.641
1.574,10.821,6.297,8.364,8.206,5.527,2.381,1.971
3.941,15.02,16.169,10.986,11.325,12.06,7.019,5.221
2.288,9.056,4.818,4.949,4.809,4.696,4.248,4.044
2.734,5.278,4.424,3.793,4.164,5.04,5.96,4.62
4.71,22.215,21.421,14.306,16.16,16.652,6.562,5.086
0.81,5.185,6.51,4.516,3.437,4.658,1.791,1.025
4.457,9.15,12.174,7.632,7.817,9.487,9.25,9.553
7.051,25.687,24.854,24.921,19.344,21.16,14.808,12.049
2.155,2.32,2.418,1.751,1.219,1.615,1.316,0.812
1.013,11.324,13.16,12.783,8.641,10.394,4.549,2
2.346,13.895,8.959,9.962,9.322,9.193,3.066,1.047
2.761,9.627,9.311,7.244,5.686,6.594,5.748,3.187
1.501,3.494,5.07,4.418,4.087,2.843,2.194,1.489
5.679,16.959,15.269,14.775,13.883,12.21,8.087,6.788
2.355,10.509,11.512,9.888,8.318,8.533,5.347,3.905
3.856,7.635,8.731,12.078,8.269,8.62,5.46,5.335
5.661,12.989,14.53,12.1,12.61,10.598,7.548,5.098
2.921,6.752,4.142,5.146,4.242,4.181,3.945,2.656
2.585,3.748,5.478,4.112,2.951,3.373,2.845,2.085
2.557,10.606,8.081,7.511,7.574,7.212,8.602,5.399
1.721,13.161,15.324,11.48,12.457,8.946,6.662,3.613
1.764,9.757,11.012,5.893,4.772,5.837,2.564,0.699
4.72,12.84,10.891,7.593,7.262,8.629,7.097,2.976
0.944,4.846,4.407,4.662,3.557,2.754,2.356,1.067
4.59,17.174,27.87,16.718,15.908,18.073,7.212,6.157
3.113,11.45,8.558,8.2,7.533,8.005,5.138,4.709
3.128,6.314,7.762,5.293,5.421,4.433,2.67,2.209
1.671,2.308,3.111,2.05,1.029,1.71,0.808,1.031
0.652,3.96,4.03,2.079,4.285,2.086,1.54,1.371
2.157,2.922,4.059,3.291,3.067,2.609,3.034,2.624
5.006,17.313,10.198,12.069,10.886,10.574,7.766,3.752
3.326,7.387,7.047,7.957,7.24,7.273,10.847,8.454
2.06,7.093,5.631,4.869,3.781,3.075,4.459,4.431
4.327,17.255,22.084,16.601,14.5,13.628,13.334,6.805
2.449,5.32,4.213,4.583,3.122,2.711,2.502,0.88
4.199,9.589,9.895,8.826,6.685,7.79,5.702,4.548
2.882,7.303,7.166,5.886,6.748,4.782,3.063,2.863
3.353,7.974,8.306,3.902,6.156,4.448,4.31,4.224
2.444,16.427,12.412,11.177,11.927,8.667,4.024,1.999
2.182,9.559,5.581,6.444,5.712,5.1,3.957,2.755
1.554,5.387,8.498,7.886,5.155,5.826,2.004,0.982
1.343,3.838,4.854,2.711,1.276,2.557,0.213,0.284
4.255,9.609,9.747,7.167,8.183,8.151,5.059,3.386
1.939,12.019,12.319,8.899,7.05,9.122,3.57,2.728
2.224,7.645,3.715,2.489,1.753,2.87,2.094,1.324
1.135,1.989,2.351,1.549,1.179,0.895,1.639,0.975
4.344,5.784,6.903,7.503,4.556,4.633,4.002,2.19
1.873,8.79,6.873,8.402,4.85,5.936,1.831,1.026
2.219,7.887,6.28,6.512,4.123,3.666,3.46,4.026
3.183,14.687,17.372,9.862,11.338,8.991,5.194,3.284
2.419,12.602,15.874,15.263,9.989,12.268,3.313,3.087
3.714,21.566,18.983,13.248,10.662,16.938,8.986,7.469
3.102,7.919,6.909,6.988,5.453,6.126,9.3,3.753
2.602,7.075,7.51,3.474,4.486,3.19,1.287,1.066
3.572,4.799,4.446,3.051,3.728,2.903,4.948,3.953
1.563,5.468,5.065,5.194,4.13,3.367,5.373,5.516
2.034,10.922,6.311,7.615,5.768,6.304,2.482,2.528
2.364,2.124,3.239,2.743,2.364,1.84,3.03,2.242
2.964,9.539,6.988,5.998,6.792,5.578,3.809,1.907
2.645,5.1,5.295,3.898,3.376,3.399,2.797,1.409
0.712,5.448,6.697,4.643,4.718,4.96,1.739,1.308
3.135,16.93,13.391,9.658,9.753,7.14,5.084,4.145
3.526,11.537,14.205,10.654,8.935,6.771,6.576,4.114
1.79,4.364,4.546,3.745,3.658,3.422,3.959,2.299
4.28,13.725,14.495,9.182,8.091,10.912,4.727,2.941
2.05,7.979,4.586,5.443,4.262,4.075,2.067,1.795
2.637,4.062,4.279,4.358,3.293,4.152,2.775,3.074
2.333,8.19,12.62,10.687,8.457,8.821,5.59,3.801
1.474,4.81,4.496,2.51,2.17,1.733,1.484,0.797
1.068,9.321,10.411,6.382,5.837,10.577,5.939,3.348
0.711,6.861,5.717,5.469,4.49,3.297,2.164,1.361
1.466,7.754,7.275,5.883,5.874,6.363,2.77,1.192
1.182,2.424,2.337,1.619,1.32,1.538,1.285,0.448
4.233,7.786,10.244,8.197,8.637,7.476,9.719,9.335
1.595,5.237,7.225,6.425,4.174,5.136,7.029,3.239
2.865,18.57,20.321,15.059,13.543,15.717,5.671,1.542
1.08,7.913,6.541,8.451,7.524,7.44,3.717,1.768
4.505,15.657,17.645,12.429,12.443,9.825,5.743,5.094
1.282,3.968,2.555,2.192,2.865,2.597,1.855,1.929
6.706,18.489,19.33,14.288,14.512,14.103,8.971,5.76
3.427,9.579,7.976,7.09,6.895,6.488,6.447,2.99
4.256,9.405,9.411,6.139,5.478,5.516,4.788,2.376
2.575,6.398,9.901,7.115,5.623,4.883,5.519,4.458
2.532,14.869,13.691,14.825,12.576,10.583,8.85,4.005
2.098,12.074,8.346,6.723,7.59,5.582,2.618,1.632
2.659,7.882,10.134,7.976,7.806,7.291,2.733,1.758
2.531,9.076,6.702,5.571,3.024,4.653,3.233,2.187
1.525,7.217,5.992,6.852,3.494,4.402,1.694,0.849
3.284,5.463,4.94,5.184,5.17,3.811,4.195,2.752
2.492,5.995,5.735,4.586,5.339,3.589,2.862,2.781
3.686,14.105,16.493,10.063,11.33,13.966,8.202,4.324
2.742,12.833,12.697,9.238,9.994,5.406,5.891,2.55
5.255,9.668,8.679,7.433,7.049,8.159,6.241,5.296
3.134,5.846,5.304,4.135,2.259,3.587,2.931,1.591
1.803,7.055,5.61,5.056,4.837,3.991,2.818,2.353
2.281,3.249,3.621,3.493,2.267,2.089,1.865,1.067
5.699,7.794,8.036,7.059,6.406,6.609,7.343,6.238
4.829,7.04,11.244,8.633,5.429,8.559,4.744,2.761
1.518,4.866,4.448,3.517,3.065,4.775,2.509,2.246
3.265,6.366,4.441,4.266,3.505,3.71,1.295,0.977
1.608,5.304,3.012,3.195,2.914,1.776,0.776,1.461
1.6,8.223,8.533,6.141,6.137,6.064,1.881,1.337
2.661,12.836,12.961,10.071,11.806,9.805,8.211,5.516
3.136,14.73,15.141,9.859,9.021,10.607,6.002,3.398
5.624,11.578,10.23,7.981,7.393,9.296,8.517,4.543
2.541,6.046,8.114,3.71,4.95,5.076,3.824,2.212
2.427,7.581,6.273,4.038,3.941,4.007,5.266,3.428
2.225,1.779,2.477,1.636,1.406,1.597,2.265,2.34
6.845,22.065,19.812,17.285,16.391,16.354,10.505,6.8
0.923,3.255,2.003,1.681,0.715,1.259,0.697,0.352
4.053,8.531,9.668,9.812,7.649,8.142,8.083,6.511
2.492,12.687,14.869,8.403,7.029,9.595,4.784,1.939
5.14,10.549,15.352,8.039,10.515,11.415,5.406,6.062
3.189,8.068,5.63,4.271,4.573,3.312,3.506,1.403
3.823,18.621,10.886,9.434,7.177,9.469,6.418,5.306
7.965,23.701,25.493,21.263,15.935,19.104,13.769,13.451
2.801,12.28,9.385,9.561,7.872,6.178,5.741,2.16
2.11,7.574,7.51,6.963,4.337,5.289,5.127,2.743
4.419,27.827,24.207,19.181,18.98,20.86,13.964,6.946
3.763,5.23,7.023,6.248,4.749,5.198,5.865,4.656
2.239,4.846,5.416,5.256,3.418,3.311,2.059,1.69
1.898,8.39,9.013,5.059,5.63,4.722,3.584,3.262
5.063,15.221,15.448,14.042,9.27,12.062,5.231,3.977
1.808,9.854,9.591,9.473,6.66,6.473,2.709,1.937
2.081,8.363,11.448,9.996,8.066,6.268,1.848,1.695
3.052,27.405,17.269,15.889,15.9,14.787,8.64,3.67
2.842,16.912,17.751,14.66,11.313,14.274,7.213,3.703
1.453,6.511,5.916,5.494,4.193,4.459,2.023,1.536
1.754,6.56,5.431,5.646,5.055,3.444,2.005,1.88
2.767,3.507,5.794,3.097,4.039,3.759,2.045,2.275
1.692,3.91,2.957,2.34,2.131,2.017,1.077,1.186
3.677,7.146,5.271,3.639,3.778,3.903,3.969,2.852
2.469,9.767,5.802,5.317,7.674,6.132,4.078,3.594
3.027,10.137,5.023,5.198,4.262,5.684,7.099,4.935
3.855,6.985,8.804,7.456,8.484,8.921,6.23,4.546
3.771,17.306,13.7,9.491,8.936,6.693,11.339,8.35
1.049,2.052,2.126,1.308,0.952,1.082,2.138,1.667
1.164,8.639,9.253,5.381,3.746,4.558,2.837,1.729
4.66,13.742,11.914,8.616,8.324,8.258,4.733,2.686
2.468,6.986,6.947,6.357,6.168,5.958,4.195,2.625
3.801,6.214,6.303,4.447,5.023,4.02,4.438,4.378
3.365,6.517,5.278,3.97,4.965,5.802,2.773,4.384
5.983,21.409,18.636,18.702,16.124,11.886,9.995,6.689
2.516,8.415,8.5,8.188,7.778,4.097,2.726,2.208
5.145,23.234,20.721,15.696,19.05,17.633,10.942,5.053
1.784,15.54,13.135,12.122,9.234,8.748,5.511,2.32
7.201,25.16,25.626,18.918,19.615,14.988,13.797,9.056
5.699,13.811,17.849,13.674,12.896,11.607,12.29,10.242
1.885,10.923,7.764,6.178,5.988,4.62,3.039,2.022
2.754,13.102,10.615,7.775,7.789,6.909,8.438,5.685
0.76,4.037,5.681,3.929,3.806,2.533,3.737,1.678
1.686,7.777,8.47,3.847,5.18,5.443,2.139,1.971
1.762,13.659,13.402,10.249,9.393,8.125,7.618,2.466
2.812,6.367,8.971,6.344,5.185,5.082,7.197,7.468
4.083,6.054,6.568,5.27,5.19,4.454,5.7,4.978
1.428,18.367,15.818,14.535,9.201,13.311,4.451,2.92
1.588,10.414,12.123,7.355,6.653,7.427,1.375,1.231
2.478,13.141,9.398,9.189,5.472,8.967,7.975,2.518
2.966,4.782,7.399,5.432,5.322,3.22,3.437,3.658
3.473,13.192,15.809,13.039,12.853,11.454,7.749,5.068
5.147,13.249,10.366,11.307,8.521,8.498,6.441,3.878
2.825,6.548,8.444,8.311,5.236,6.637,3.144,2.36
3.673,7.291,7.335,5.044,5.789,4.235,7.43,3.342
2.409,13.451,12.641,12.639,10.618,9.596,4.67,3.158
0.524,4.03,2.371,2.352,1.558,2.595,1.893,1.433
2.301,8.218,10.057,7.214,6.108,6.979,4.131,2.422
3.933,12.369,12.902,8.677,11.792,8.867,6.996,5.793
2.602,6.132,3.568,3.574,2.758,2.827,4.193,3.572
1.864,8.179,10.582,7.345,7.438,5.365,1.984,1.11
3.303,10.197,9.198,6.73,4.669,6.965,3.789,2.62
1.856,6.613,6.903,4.977,3.889,4.761,3.209,3.395
2.508,16.109,10.153,11.253,9.883,8.645,6.53,2.186
4.639,14.921,10.501,10.696,10.393,12.711,7.67,6.804
1.727,9.035,7.575,7.948,5.061,5.568,2.76,1.292
5.191,24.014,20.617,15.974,12.81,15.052,9.294,4.408
5.039,12,13.977,11.067,7.861,9.816,4.664,2.759
3.678,12.703,16.7,8.229,6.354,9.386,3.854,1.676
4.546,14.34,17.027,10.229,11.3,10.144,7.99,3.922
8.526,14.284,14.482,12.646,12.503,11.189,10.566,9.173
1.528,8.92,6.504,5.408,4.218,6.67,1.646,1.159
5.37,15.09,17.534,12.92,11.079,8.943,9.851,8.661
5.179,6.864,10.24,6.148,6.503,5.769,3.652,4.007
1.589,8.296,9.017,7.33,5.561,5.461,1.227,0.906
3.708,17.372,16.074,12.398,9.705,12.609,5.465,4.3
1.285,2.38,2.002,2.863,2.854,2.163,1.29,0.762
8.262,20.907,16.112,13.691,13.345,14.623,14.733,8.114
3.7,6.773,7.685,4.938,3.921,5.329,3.631,3.176
1.098,5.98,7.454,3.187,4.34,2.838,1.783,1.335
2.931,4.234,2.292,2.499,1.872,2.551,1.459,2.083
3.745,7.909,10.22,7.813,5.284,6.956,8.03,3.61
1.878,8.387,9.628,7.594,7.019,7.061,5.357,4.503
3.483,14.529,13.411,12.222,9.707,10.546,7.346,3.86
2.403,3.512,4.003,3.481,2.865,2.722,3.032,4.053
2.999,7.947,12.259,8.463,6.019,6.301,4.65,3.27
1.798,4.511,4.352,3.087,1.936,2.502,1.652,0.843
5.826,12.329,13.048,12.442,9.921,7.666,9.774,8.71
6.269,10.755,6.639,6.193,5.444,5.628,5.024,3.986
2.047,5.679,6.103,2.397,3.474,3.702,1.717,0.756
1.427,6.225,3.319,2.822,2.938,2.679,1.724,1.627
6.12,19.129,13.298,14.643,11.439,12.654,10.449,10.542
6.937,21.99,25.984,20.816,19.547,14.403,11.016,5.89
2.541,6.87,7.755,6.458,5.945,6.297,3.231,2.286
3.228,13.762,15.237,14.137,10.741,11.723,6.579,3.866
3.929,9.606,9.887,8.534,6.258,6.639,10.487,7.479
1.111,3.781,5.648,3.077,3.682,3.814,2.439,0.602
1.732,6.44,9.085,5.558,4.81,4.722,4.281,1.737
4.842,6.598,8.005,6.364,4.083,4.988,3.696,4.326
3.428,11.722,10.202,9.793,6.647,7.399,6.046,4.511
4.56,19.667,21.529,16.104,15.152,15.722,7.924,6.615
4.854,11.031,12.931,9.292,6.177,6.732,10.74,6.33
3.424,11.358,8.881,5.838,5.654,3.592,3.56,2.126
2.873,6.47,4.697,4.372,3.634,4.125,4.435,2.552
1.058,6.588,4.334,3.833,4.867,2.081,2.194,1.361
3.353,14.699,13.908,11.374,8.882,9.848,7.987,4.248
2.856,4.155,3.708,3.141,1.947,1.743,3.663,3.07
6.008,17.056,13.521,12.427,12.043,11.229,9.505,4.843
3.165,7.889,10.876,6.838,6.125,5.845,3.214,1.39
2.754,10.714,8.506,8.238,5.358,7.369,2.251,1.819
2.717,4.452,3.871,4.881,3.883,4.277,2.951,3.069
5.349,11.219,8.72,7.817,8.532,9.024,5.127,3.976
4.032,13.317,14.959,9.261,10.283,9.298,5.883,3.538
2.37,6.005,5.315,4.983,4.338,5.873,3.872,2.08
1.138,2.744,3.051,2.19,1.572,1.748,1.185,0.665
1.63,7.178,6.958,5.961,4.58,5.355,3.015,1.94
3.287,18.166,25.226,14.63,15.602,16.087,8.487,3.274
2.038,8.782,6.125,4.729,3.212,4.724,4.413,3.923
2.004,8.97,7.29,6.711,4.283,5.612,2.905,1.596
2.629,7.584,7.27,4.302,3.744,7.009,3.609,2.878
5.927,13.595,14.709,12.879,8.822,11.464,8.774,9.476
1.746,6.774,6.455,5.366,5.413,5.841,2.694,1.682
2.958,3.637,4.309,3.561,2.113,2.352,2.02,1.206
3.607,15.78,13.67,9.151,8.019,12.821,2.126,1.089
2.008,8.235,7.96,6.273,6.518,5.325,2.946,2.096
3.528,14.845,17.862,12.558,7.439,10.168,6.041,3.663
3.074,9.014,9.737,6.264,6.246,7.539,5.967,3.987
1.766,5.836,5.308,5.367,3.223,4.615,1.719,0.838
2.694,10.343,10.176,9.702,6.847,8.17,5.911,3.319
2.408,9.484,11.986,8.233,11.376,9.395,4.256,2.683
2.034,4.848,3.797,3.227,2.78,2.558,2.563,2.447
1.482,3.294,2.913,2.503,2.057,1.988,1.91,1.635
1.335,4.701,5.111,3.612,4.14,3.309,2.963,1.453
4.169,17.261,17.181,12.283,11.807,13.387,14.086,6.74
4.18,18.604,19.475,14.086,14.127,11.423,6.219,3.902
4.832,13.555,10.561,8.157,6.026,8.38,7.168,3.711
1.023,3.695,3.873,2.937,2.054,2.439,3.01,1.764
2.933,4.35,5.154,4.776,4.588,3.127,2.933,4.299
4.618,12.093,12.168,9.257,6.825,8.996,3.878,2.258
7.775,14.829,13.538,11.305,10.032,9.063,6.487,7.241
3.208,11.564,11.398,8.486,8.402,9.635,5.02,4.403
3.201,5.503,5.793,3.303,3.37,3.234,2.22,1.262
3.373,8.235,10.488,8.889,6.531,7.986,5.398,2.927
2.195,8.622,8.111,5.765,6.92,5.084,3.527,2.565
1.865,4.958,6.158,6.89,6.189,4.443,2.523,2.443
2.045,12.064,11.683,8.124,10.41,7.294,3.1,2.976
3.578,3.816,3.358,2.457,3.159,3.558,3.838,5.025
2.86,6.232,5.783,4.422,4.994,3.762,3.2,1.614
2.578,11.964,11.525,10.172,9.732,9.467,5.72,3.941
0.593,7.525,6.515,5.973,3.731,4.729,1.637,0.917
2.472,12.537,9.751,7.991,8.076,6.784,4.936,2.514
2.613,13.007,11.383,8.711,8.894,6.12,9.535,6.616
3.413,16.57,17.267,12.443,10.705,13.171,5.736,3.309
1.217,3.571,2.858,1.839,1.322,1.332,1.099,1.173
1.058,4.782,6.838,5.231,3.461,3.111,1.071,1.102
2.242,14.373,15.899,8.166,7.523,10.718,6.715,3.688
5.837,30.269,29.738,24.49,17.248,19.2,11.33,4.721
4.825,19.969,21.515,16.225,15.251,14.805,7.61,3.274
3.113,5.828,5.505,3.743,2.725,3.59,2.619,2.549
3.149,8.568,9.786,6.979,6.984,7.449,4.881,3.453
7.306,16.521,17.271,17.304,11.985,16.134,16.798,8.245
3.876,9.424,12.604,8.73,6.247,7.516,10.896,9.505
1.233,4.907,4.338,3.482,2.505,2.371,0.674,0.346
3.101,3.458,4.537,4.312,2.504,2.25,1.236,1.271
1.995,5.007,3.432,3.399,2.737,3.178,1.791,1.029
3.992,11.732,9.642,6.441,7.049,5.355,3.597,3.417
0.734,4.967,4.295,3.872,3.09,4.465,1.12,0.902
3.426,13.764,15.14,8.501,10.004,10.72,8.964,5.219
4.056,6.636,4.792,2.171,3.465,4.528,4.121,1.456
2.275,5.904,3.946,3.161,3.887,3.148,1.404,1.617
2.153,7.393,7.66,6.12,4.32,4.794,3.466,1.997
3.562,14.903,13.463,13.217,10.311,10.199,9.287,6.083
2.476,3.682,4.053,2.655,2.737,2.296,2.006,1.876
2.034,6.69,8.731,5.313,5.129,5.102,3.892,3.796
2.839,2.955,3.231,3.518,2.536,3.142,3.853,4.2
3.518,7.702,7.289,8.057,6.103,5.667,8.379,6.088
1.872,6.176,6.252,5.196,4.162,5.328,3.677,3.41
1.88,10.735,13.479,7.197,7.826,7.783,2.259,1.259
2.374,3.38,4.198,3.538,3.872,3.435,2.829,4.383
2.261,4.911,6.097,4.337,5.43,4.193,4.697,2.852
3.356,7.215,7.693,6.1,7.418,5.893,5.544,4.951
0.41,8.399,6.969,4.88,4.302,3.393,1.322,0.814
3.657,9.119,7.827,7.033,5.896,7.171,5.912,5.502
4.045,3.554,3.227,3.057,1.993,2.456,1.557,2.627
0.66,8.335,7.435,7.996,5.327,6.52,2.126,1.769
6.505,15.713,16.795,12.465,11.095,17.806,11.372,6.593
2.865,11.331,10.48,8.145,7.786,6.971,7.759,4.925
2.244,9.712,7.114,5.917,5.361,7.32,2.744,1.221
1.129,9.413,9.772,5.698,4.702,4.645,1.526,0.85
2.477,14.893,14.566,12.778,11.408,11.333,4.967,2.311
1.187,5.982,3.304,3.293,2.433,2.63,1.408,0.83
2.206,11.038,10.576,9.358,6.986,9.728,4.372,1.502
3.563,15.919,17.568,12.899,10.727,12.558,8.407,3.502
3.981,13.899,16.251,12.648,11.246,11.903,5.834,2.795
4.517,14.655,13.354,13.824,11.209,12.521,6.609,3.583
3.156,10.012,6.652,6.744,5.609,4.501,5,5.887
2.696,7.032,6.821,3.814,5.159,4.837,1.713,3.078
1.9,5.285,4.177,4.286,2.516,4.022,3.423,3.192
2.706,10.392,5.18,6.618,5.628,4.231,2.898,2.968
3.475,8.445,6.84,5.121,5.025,6.153,5.722,4.138
0.592,3.847,5.071,3.261,2.503,2.617,1.099,0.581
4.719,10.788,10.047,8.98,6.814,9.08,5.325,4.073
0.822,4.26,2.198,3.024,2.385,1.577,1.184,1.149
1.957,6.51,8.17,4.981,3.85,6.335,3.676,1.296
3.679,10.754,17.427,10.425,9.543,11.586,8.009,4.602
1.294,5.258,6.045,4.237,3.71,3.615,2.539,1.999
2.274,3.108,3.936,3.154,2.792,1.789,1.94,1.136
5.429,15.296,19.168,12.202,11.083,11.866,6.658,3.922
1.185,1.665,1.867,1.373,1.497,1.425,2.369,2.786
6.211,18.155,17.339,10.884,12.256,14.92,12.032,7.569
3.602,9.314,9.036,5.704,6.859,8.526,4.751,3.924
1.369,2.758,2.642,1.516,2.085,0.914,1.746,0.559
3.658,17.133,11.945,11.625,8.449,8.262,5.816,3.08
4.06,18.074,14.427,12.028,11.286,12.942,8.618,7.515
1.729,4.963,5.897,6.177,4.471,5.19,1.978,2.117
2.121,9.416,7.152,5.766,5.128,5.347,5.052,3.085
2.262,7.691,7.152,7.559,7.124,7.896,4.893,2.782
5.116,10.377,10.931,6.673,6.648,6.254,5.399,5.272
2.296,7.686,6.026,6.304,5.222,5.836,2.817,1.473
2.403,14.623,14.421,11.207,10.206,10.128,4.92,3.227
4.371,19.977,17.914,12.782,9.174,13.642,7.287,2.949
5.572,19.74,26.892,19.768,18.523,16.647,8.917,6.441
1.674,1.475,1.424,1.362,0.778,0.663,0.709,0.738
4.973,16.55,12.832,12.002,11.29,8.992,12.361,8.219
2.459,6.769,4.728,3.343,2.601,3.435,3.561,1.496
4.095,7.423,6.055,6.522,6.544,5.744,3.551,4.022
2.831,15.472,13.079,11.362,11.298,10.916,5.977,4.698
1.825,5.255,5.998,4.019,4.347,4.347,3.555,2.177
4.103,15.401,13.904,12.709,12.839,15.275,8.637,4.949
1.077,1.814,1.836,1.149,1.507,1.092,1.691,1.923
4.268,11.28,8.141,7.239,5.035,4.937,4.42,3.23
4.761,12.613,13.644,12.148,10.647,12.126,8.253,6.132
2.333,12.137,11.095,10.113,9.518,7.395,3.308,2.582
1.766,5.268,4.814,4.042,3.556,3.452,3.102,2.24
3.017,6.274,7.926,5.822,4.266,3.822,3.575,1.732
2.777,9.598,9.941,6.544,6.024,6.19,7.417,2.276
0.616,3.946,4.15,3.503,3.096,1.89,1.066,0.656
5.59,15.816,16.537,14.71,11.605,14.206,8.66,8.092
0.652,2.271,3.277,1.64,1.854,0.992,1.668,0.608
1.721,2.162,2.049,2.073,1.177,1.197,1.614,3.608
2.472,7.165,4.906,3.684,3.706,4.311,2.589,1.703
3.089,9.48,11.511,7.001,6.849,7.66,3.638,2.373
3.357,9.255,9.686,9.482,7.612,6.698,4.031,2.565
1.871,6.806,6.327,4.873,3.348,4.381,3.19,1.562
2.564,6.201,6.289,4.198,3.089,4.135,3.34,3.22
1.477,4.572,4.203,2.87,3.324,1.681,1.72,1.007
2.252,19.542,22.706,18.5,16.119,21.848,10.267,3.176
4.483,15.693,19.714,17.13,10.431,13.903,6.289,3.738
3.053,5.698,8.106,4.16,4.078,4.525,5.992,5.274
5.306,16.9,17.473,13.067,15.18,13.014,5.736,5.17
4.991,24.644,25.303,17.042,18.298,18.178,13.598,8.609
6.064,18.708,17.293,11.449,12.58,12.703,14.499,8.239
3.406,12.702,11.413,9.697,6.618,8.337,2.941,3.167
2.833,10.531,7.908,4.99,5.164,5.711,3.661,3.11
0.996,3.052,4.306,3.168,2.675,2.8,1.869,0.895
3.336,9.422,9.653,11.388,7.618,8.03,5.614,4.275
7.147,15.023,18.841,13.052,14.507,13.021,10.653,7.072
3.09,5.727,6.929,4.045,4.408,3.953,4.634,2.658
6.296,15.916,14.616,12.118,10.719,10.714,8.357,5.502
1.836,7.153,7.878,5.721,5.277,6.121,3.376,1.884
3.101,17.689,14.691,14.215,12.479,8.643,4.024,4.285
1.453,3.048,4.945,3.243,2.491,3.039,2.587,2.885
0.719,2.833,2.428,2.594,2.707,2.114,0.882,1.139
3.728,15.871,13.732,11.471,9.99,9.058,7.487,4.249
1.998,8.747,7.702,9.296,4.875,4.88,4.549,2.513
2.094,2.881,1.432,1.352,0.963,0.639,0.66,0.782
2.672,15.852,11.544,12.439,10.052,11.41,6.277,2.955
3.776,19.072,23.141,14.977,12.627,15.757,5.414,2.928
4.51,23.202,22.134,14.371,13.981,16.586,6.297,4.751
3.832,4.432,4.907,5.025,2.945,3.016,4.644,2.616
4.626,24.474,23.441,20.381,16.017,15.957,9.669,6.235
1.541,4.078,4.57,3.03,2.452,2.508,2.224,0.859
3.227,9.547,10.783,7.558,7.596,8.731,6.871,3.335
2.959,4.555,5.076,5.025,3.463,3.007,6.902,6.902
2.18,12.144,9.143,9.231,10.598,8.372,5.331,2.409
0.662,3.746,3.139,3.264,1.817,1.739,0.968,0.873
4.087,7.144,8.142,5.56,7.089,4.835,3.895,5.76
0.661,4.849,4.59,2.381,1.819,2.455,1.408,0.493
3.857,5.928,6.608,6.485,5.952,5.974,5.231,4.312
3.95,16.578,16.863,13.383,13.526,13.472,5.293,4.226
3.358,17.853,24.855,17.17,17.655,19.531,9.601,5.218
1.215,3.809,2.753,2.956,1.589,3.181,1.075,0.354
3.373,9.661,10.563,9.443,7.088,8.707,6.797,2.484
1.372,3.151,2.395,1.891,1.725,1.925,1.512,1.128
1.68,11.456,9.089,8.395,5.583,4.782,2.485,0.737
3.915,11.666,8.654,6.7,4.747,6.56,7.435,3.606
4.177,9.223,7.482,8.829,6.864,9.063,5.874,4.773
2.91,17.693,22.659,16.51,15.767,16.071,10.325,7.367
2.411,6.495,8.423,5.182,5.399,3.99,3.154,1.644
5.275,17.455,13.742,11.31,10.429,12.368,12.758,5.75
3.943,8.089,6.761,5.956,4.723,5.168,4.398,3.387
2.204,8.144,8.69,5.953,6.95,5.942,2.843,2.07
5.213,12.353,10.67,10.465,7.225,9.831,8.205,2.57
1.603,4.234,3.459,2.37,2.425,1.948,0.867,0.821
0.701,2.257,2.46,2.124,2.229,1.803,0.373,0.82
4.45,4.683,4.559,3.231,2.302,3.361,4.338,4.308
3.038,13.368,12.604,9.051,8.859,9.066,4.674,3.759
1.443,3.461,4.651,4.314,2.523,2.4,2.105,1.963
3.443,13.187,12.812,9.621,7.192,8.35,6.91,3.963
1.316,1.908,2.041,1.445,1.197,1.326,0.408,0.317
1.862,16.845,11.916,11.542,8.461,7.323,4.208,0.911
0.843,4.03,4.08,2.46,2,3.829,1.039,0.905
3.121,7.149,9.552,9.087,5.07,6.867,5.679,3.225
2.982,11.293,11.555,11.136,7.868,12.591,4.246,5.053
1.534,6.154,5.603,5.485,4.466,4.697,1.895,1.348
5,10.733,11.945,8.798,10.365,9.005,8.872,5.969
4.279,12.084,11.272,8.728,8.56,8.532,3.985,4.681
6.027,21.522,22.15,14.396,16.075,11.748,9.146,6.752
3.487,15.874,10.54,11.171,7.841,11.08,7.228,3.732
3.314,13.716,8.588,10.887,6.981,7.336,4.101,2.624
1.29,6.829,5.093,3.733,3.758,2.713,1.699,1.371
1.427,3.499,5.103,2.894,5.066,3.87,2.711,2.109
2.954,12.32,12.177,9.913,11.484,9.919,4.911,4.277
2.235,13.113,13.286,10.786,7.261,10.134,2.468,1.617
4.539,8.75,9.095,7.873,5.967,8.81,4.871,4.86
4.102,8.834,8.5,8.325,6.793,7.2,4.636,2.963
6.91,22.76,22.199,17.687,18.555,17.99,15.13,9.875
1.364,5.539,4.85,4.429,3.962,3.421,1.65,1.339
3.779,10.665,11.713,7.976,8.581,8.853,7.318,5.486
4.758,13.31,14.18,10.07,10.549,13.424,8.523,5.041
3.038,9.951,11.461,11.092,11.014,9.401,6.304,3.872
4.929,14.457,18.574,11.373,11.069,15.862,10.939,7.047
1.476,10.927,12.102,14.554,8.05,10.304,4.407,2.016
2.26,7.777,10.606,7.869,5.289,9.165,3.953,2.752
4.576,10.46,9.959,7.046,8.072,8.253,5.75,3.416
4.095,9.727,11.869,7.851,5.808,10.273,8.824,4.747
3.186,6.131,6.308,5.007,3.93,3.783,2.742,1.881
8.224,17.447,18.87,17.889,14.892,16.76,13.07,11.88
1.777,4.495,3.788,3.893,3.219,4.332,2,2.328
3.634,3.763,2.11,3.021,1.848,2.372,2.085,1.874
1.952,2.424,2.675,2.638,1.828,2.293,2.033,1.84
1.406,2.258,0.886,0.563,0.583,0.34,0.952,0.475
1.52,9.622,12.164,8.366,6.999,7.702,3.631,2.413
2.572,5.531,5.317,5.319,6.226,3.945,4.41,5.6
3.115,10.772,10.447,8.095,7.568,10.237,3.874,2.735
2.508,9.136,9.79,5.9,5.952,9.089,4.078,2.032
3.157,16.222,13.925,15.038,11.638,16.739,8.532,5.199
2.9,13.11,15.09,11.305,11.47,10.999,7.745,3.599
2.734,6.673,9.507,7.532,7.133,6.101,4.5,2.636
2.721,5.085,5.041,4.493,4.075,4.941,2.766,2.472
5.167,5.352,4.652,3.427,3.402,2.744,4.389,3.234
2.636,8.354,6.292,6.53,4.924,6.387,3.62,1.309
2.648,6.037,5.88,4.95,4.413,3.849,3.43,1.997
2.124,4.414,4.078,2.532,1.986,2.352,1.59,0.839
5.975,32.405,25.183,22.875,21.898,17.801,13.232,9.217
2.966,11.07,10.474,6.191,5.74,5.2,3.066,3.134
4.427,12.44,13.882,12.376,9.582,7.495,8.035,3.302
2.419,6.759,6.085,7.51,5.726,4.161,3.965,4.883
2.123,9.077,4.609,4.47,3.484,3.907,2.21,0.929
5.372,10.908,11.242,7.823,7.273,5.99,4.502,2.926
2.508,7.413,8.563,6.623,4.873,4.699,2.219,1.452
2.604,13.894,13.17,13.256,12.715,11.172,3.744,2.451
2.481,6.557,9.499,5.404,4.506,3.711,2.725,2.091
3.46,7.618,6.805,5.115,5.527,5.298,4.331,2.65
2.989,6.485,3.72,4.72,3.133,2.482,4.584,3.187
2.358,6.519,6.694,4.989,4.587,5.719,3.107,1.894
2.799,27.27,31.406,23.19,24.088,25.756,12.944,8.334
3.668,12.665,13.611,8.992,12.632,9.786,7.595,7.707
4.096,15.956,15.176,9.975,7.906,7.418,6.287,4.207
2.791,7.687,7.914,4.65,5.579,7.815,3.373,2.758
1.566,2.031,2.049,1.942,1.527,1.262,1.736,2.116
3.951,10.595,9.539,8.393,6.66,9.452,4.327,3.067
5.777,19.506,20.595,13.999,10.936,16.544,8.913,6.415
4.165,12.633,17.613,13.73,13.689,14.34,6.347,2.912
2.104,17.263,16.077,9.481,7.154,9.519,5.917,1.389
2.658,8.417,6.39,4.537,3.529,3.5,3.155,2.935
1.938,6.837,5.813,5.677,2.999,2.89,2.454,1.974
3.341,10.543,9.668,7.98,7.94,8.819,4.569,1.528
1.137,4.444,5.438,5.528,4.432,4.688,2.061,2.712
2.84,6.265,5.131,4.532,2.604,3.364,1.483,1.431
1.783,9.189,8.547,5.54,5.133,5.017,2.26,2.022
3.668,6.695,7.686,7.32,6.955,4.566,5.114,2.431
1.193,3.336,4.723,4.76,2.622,2.606,2.043,1.515
2.403,15.94,13.502,11.536,8.519,8.505,8.499,4.831
0.62,10.671,8.504,6.89,5.878,6.819,1.59,0.506
4.075,4.301,4.051,4.381,2.749,3.255,3.023,2.79
3.622,6.241,8.506,5.012,4.357,4.378,3.582,4.28
7.002,20.057,15.176,13.247,12.296,12.022,10.573,6.829
3.521,15.388,17.922,13.533,12.309,11.365,7.321,3.204
4.411,19.682,16.012,16.119,12.942,12.463,4.892,3.319
3.238,10.465,8.954,6.925,6.997,5.707,5.239,3.493
3.237,9.216,8.764,6.708,6.299,5.768,6.295,3.46
3.551,15.844,15.471,15.739,10.314,12.605,9.155,5.124
3.927,16.605,15.064,13.572,13.562,11.694,5.865,2.591
1.02,2.949,3.491,3.409,2.117,1.626,0.98,0.601
2.871,9.27,9.574,5.571,6.451,6.03,3.934,3.252
3.43,11.314,10.207,9.845,7.451,9.963,8.686,4.372
4.64,11.238,11.006,6.243,7.98,7.281,6.004,6.065
1.383,4.458,4.729,2.927,2.872,2.97,3.374,3.106
2.717,4.521,5.562,4.908,2.73,3.569,1.444,1.458
1.283,5.067,5.325,3.925,2.317,3.456,3.192,2.52
6.077,16.586,12.983,13.049,9.901,7.973,8.69,5.983
2.276,12.858,9.814,9.468,7.678,7.434,3.538,1.727
2.531,14.517,13.051,10.394,8.205,10.466,6.916,3.539
2.246,6.26,5.784,4.237,5.167,5.782,2.496,1.306
1.994,4.489,4.702,3.012,3.578,2.242,2.73,1.93
3.192,9.996,12.24,11.288,9.389,11.103,7.301,4.562
2.906,8.839,8.409,6.541,8.494,8.092,7.338,8.443
3.44,12.783,14.917,8.004,10.237,11.88,4.753,4.374
2.983,8.09,11.39,8.646,7.301,4.731,4.493,3.105
4.48,17.104,19.199,15.205,15.957,12.283,7.291,6.699
3.163,11.729,14.226,9.625,9.217,9.671,8.317,4.386
3.701,8.049,9.573,7.671,5.42,5.874,4.54,2.361
2.696,8.206,9.318,7.351,6.566,7.808,4.498,4.79
9.46,19.255,20.316,17.46,14.645,16.068,18.469,11.7
6.173,28.232,31.209,19.915,22.545,23.46,10.535,3.717
4.277,7.874,10.505,10.32,7.827,8.833,7.958,8.03
0.622,1.172,1.945,1.322,1.223,1.304,1.136,0.701
3.827,8.01,6.596,6.436,5.348,4.764,3.841,2.426
4.145,13.229,16.697,12.569,10.948,12.253,6.139,4.281
5,8.871,8.705,7.16,5.899,5.01,5.105,4.091
3.772,20.272,16.437,16.124,13.035,14.873,6.452,5.63
4.703,11.183,10.903,7.976,6.521,6.668,5.456,4.827
2.672,6.682,8.269,6.327,7.242,4.113,2.956,1.708
2.934,11.91,12.355,9.654,9.844,8.863,6.648,3.579
3.744,15.769,17.319,14.248,13.025,11.133,7.463,4.034
2.07,5.577,7.368,3.913,5.197,5.161,2.352,1.21
1.763,5.199,4.62,4.88,2.954,3.179,1.131,0.875
1.606,11.378,8.839,7.489,7.092,4.773,2.344,1.33
3.329,16.436,14.142,8.928,10.848,8.705,6.394,3.139
2.662,4.587,7.949,6.356,4.135,4.603,5.071,5.084
3.779,6.363,6.088,7.364,3.704,4.155,4.457,2.742
2.807,11.767,11.693,9.091,11.127,7.607,3.736,3.292
3.046,8.776,5.377,6.023,4.247,4.99,3.756,2.373
4.523,7.73,5.72,6.349,6.462,4.682,3.838,4.035
2.042,6.781,7.534,6.912,5.28,5.069,2.221,0.943
5.958,11.578,12.735,9.576,7.558,7.977,7.588,6.3
1.507,2.339,3.202,1.841,1.444,2.139,1.177,1.083
1.422,8.245,12.372,6.812,5.844,7.095,5.789,2.754
5.403,13.48,17.262,15.625,11.428,11.295,9.437,6.571
9.235,31.505,36.79,24.9,24.307,23.535,22.591,16.295
4.358,10.594,9.832,6.997,5.43,7.154,6.813,4.447
2.363,15.792,20.429,12.655,9.161,12.2,5.126,2.952
3.1,16.034,15.481,10.035,7.799,10.918,5.495,1.869
3.071,10.634,10.929,5.529,7.808,9.142,4.302,3.076
3.313,7.513,7.978,4.919,4.165,4.087,3.499,6.571
2.381,12.889,11.638,9.413,6.321,7.248,4.487,1.758
0.934,2.738,1.894,1.48,1.567,1.296,1.063,0.976
6.285,16.349,18.659,14.134,15.113,14.241,9.879,7.115
1.382,15.693,15.318,12.074,10.634,10.018,6.163,1.406
4.686,18.934,14.612,12.983,10.446,13.35,7.553,5.366
0.857,6.614,4.774,5.688,3.403,4.417,2.2,1.723
1.972,5.498,4.385,3.205,2.31,4.74,1.888,3.042
1.557,4.775,5.272,2.342,2.925,3.434,1.67,1.422
4.42,13.107,14.433,10.33,10.282,9.36,7.305,4.356
2.427,13.178,12.599,10.277,9.597,10.617,4.133,4.266
3.332,6.472,5.045,2.833,4.172,3.377,3.783,3.146
4.1,3.768,4.279,2.325,2.636,2.564,2.349,3.546
2.617,10.164,10.77,5.988,6.128,7.191,5.695,2.466
3.883,9.525,6.688,6.537,5.043,6.298,2.625,0.778
5.573,22.175,20.877,15.017,17.44,18.985,7.578,5.714
3.206,7.252,7.261,6.449,5.218,5.465,8.731,6.535
1.039,5.164,4.62,3.321,3.095,3.676,2.06,0.915
3.63,9.099,12.204,10.298,7.273,10.391,4.101,5.946
3.577,8.324,11.135,6.72,7.353,8.955,4.54,1.491
3.459,6.624,5.585,5.424,5.31,7.533,5.993,3.882
1.196,6.571,8.858,5.56,6.464,5.174,1.995,1.018
2.6,7.817,8.97,7.643,6.282,5.881,10.777,9.955
2.776,5.333,6.413,6.063,6.545,3.908,4.017,3.36
1.381,4.805,2.907,3.442,1.934,1.57,1.885,1.044
2.447,10.045,9.509,7.789,7.927,7.17,3.263,1.698
2.289,9.537,8.367,7.372,6.394,5.783,3.228,1.786
3.157,5.55,5.025,3.162,3.314,2.41,4.475,2.923
0.528,2.245,2.455,2.685,1.057,1.848,0.308,0.242
3.18,10.194,11.627,6.982,5.043,9.518,3.98,2.727
1.971,4.969,5.227,4.884,3.909,3.434,3.088,1.77
3.252,7.42,9.225,7.303,7.537,6.043,5.069,3.804
3.998,15.485,14.519,12.283,11.308,11.737,6.245,3.866
1.755,9.419,9.889,6.116,6.298,7.06,2.325,0.979
1.802,6.611,4.07,2.854,2.461,3.154,1.15,0.589
5.534,16.198,16.717,11.389,9.988,10.176,7.371,4.079
2.904,16.404,20.093,11.963,13.511,14.52,7.663,3.577
3.158,11.555,11.621,7.222,7.587,6.474,8.711,4.037
1.805,3.894,4.382,2.819,1.591,1.925,0.758,0.589
1.693,10.612,9.855,5.57,6.239,7.457,5.459,3.812
0.688,4.41,5.031,3.49,2.904,3.468,4.152,0.902
2.73,5.406,6.077,3.919,4.131,3.957,6.876,5.109
4.728,12.134,15.179,12.859,11.702,12.762,6.775,5.361
3.458,9.608,9.474,9.694,7.26,9.62,6.484,4.768
3.63,8.21,10.063,7.523,4.253,6.616,4.979,3.312
2.037,4.407,6.3,5.472,3.94,4.19,3.661,3.077
3.085,8.13,8.508,5.872,5.781,5.679,5.794,5.825
2.436,11.152,13.12,9.31,7.313,9.088,5.801,3.314
4.34,8.169,8.442,6.473,6.987,7.918,10.433,6.013
3.695,15.826,18.05,12.566,9.223,15.768,6.435,3.25
3.872,10.371,10.929,6.843,8.141,7.122,6.709,5.04
3.459,7.456,6.858,6.756,6.836,5.982,3.499,2.732
1.518,7.003,7.384,7.149,5.299,3.836,2.64,0.749
3.481,17.258,13.205,10.547,9.232,10.874,2.946,1.752
3.529,14.099,18.795,19.155,17.323,18.28,9.256,5.185
1.347,5.877,8.181,4.789,5.002,3.067,3.469,1.993
4.857,18.073,16.697,15.563,11.105,15.105,8.284,5.88
1.851,16.428,12.541,12.523,10.457,10.216,6.103,4.85
2.099,6.757,6.555,4.838,4.485,4.527,1.78,1.688
3.756,10.76,11.602,9.293,8.492,7.499,4.342,2.953
5.331,21.016,19.454,16.628,12.32,13.629,9.071,7.542
2.127,6.801,5.396,4.832,4.313,4.258,4.884,1.668
1.442,5.128,3.661,2.141,2.35,2.95,1.29,1.827
2.036,6.237,6.229,5.98,5.557,6.513,5.942,5.061
3.377,10.876,14.435,11.329,9.068,11.573,3.691,4.699
2.736,10.294,9.379,9.013,7.016,5.291,5.427,2.166
5.335,12.457,9.436,7.531,6.985,7.39,7.626,5.36
3.171,11.176,9.005,7.532,5.648,7.159,2.695,1.825
5.097,12.224,11.785,10.186,8.868,6.524,10.153,8.33
1.994,4.539,2.885,3.578,1.38,1.517,3.778,2.043
3.648,14.11,16.86,12.58,9.554,11.333,6.418,4.014
6.635,13.41,13.399,13.14,12.091,9.051,10.408,8.745
3.808,15.215,15.068,12.516,10.178,19.723,8.843,7.175
1.519,10.314,7.96,6.208,4.203,5.614,3.669,2.03
3.282,9.284,7.858,6.619,7.472,8.122,5.573,4.23
4.433,13.461,14.895,11.619,13.098,11.502,6.141,4.915
2.184,9.54,9.334,7.838,6.768,7.4,3.054,1.394
2.138,6.121,6.717,5.86,4.914,2.869,2.562,1.043
2.011,6.503,4.53,4.072,3.613,2.948,2.475,1.204
3.719,16.094,11.604,9.601,7.59,9.717,7.841,4.846
3.518,6.297,7.455,5.366,5.659,4.617,4.467,4.966
3.243,9.619,6.717,5.498,3.049,5.114,1.802,1.577
0.617,5.149,6.686,4.791,4.532,3.364,1.035,0.71
6.021,16.286,19.049,20.314,13.079,13.538,11.45,9.637
4.159,14.807,11.983,10.356,10.061,10.926,7.984,5.208
2.593,7.847,6.735,6.995,5.299,5.097,4.722,2.493
1.186,7.479,4.333,2.675,3.758,2.874,1.354,0.799
2.72,8.469,9.928,6.855,6.11,5.349,5.327,4.918
2.976,13.244,12.41,8.453,9.011,6.269,3.376,1.534
3.287,6.669,8.791,7.704,4.9,5.282,5.383,4.552
3.133,12.662,18.179,11.822,13.699,14.781,9.733,5.448
3.375,19.275,14.448,13.067,9.784,11.425,8.376,3.147
4.66,13.152,9.042,8.717,9.085,6.491,5.037,3.652
3.31,18.103,12.643,10.747,10.257,7.993,5.866,2.11
0.496,2.365,2.516,1.26,1.401,1.629,0.989,0.682
2.285,4.351,4.919,4.024,3.589,3.235,1.635,2.81
2.505,7.22,9.918,5.921,6.149,7.345,3.668,2.05
2.765,8.355,9.934,8.375,6.745,7.879,4.911,2.453
0.786,3.546,3.188,2.657,2.672,2.161,1.423,1.487
2.189,9.469,8.969,8.707,5.158,6.659,2.877,1.968
5.122,16.97,14.664,13.898,12.19,17.04,10.471,9.257
1.983,5.497,4.77,4.517,4.669,2.821,1.256,1.285
3.364,11.634,15.114,12.167,9.213,9.258,6.157,2.174
4.434,18.653,20.664,14.84,11.864,16.796,14.339,8.256
2.707,4.206,4.977,3.73,3.828,2.692,5.28,6.614
3.381,7.225,9.481,5.745,5.982,6.26,4.996,3.105
1.857,5.651,4.739,3.235,3.157,3.21,4.029,3.815
2.004,5.147,4.254,2.397,3.69,2.644,1.331,0.631
1.518,4.906,6.445,4.201,4.345,3.633,2.844,1.952
5.85,16.568,19.542,18.006,12.346,17.705,8.166,7.45
1.827,1.605,1.229,0.804,0.89,1.317,0.975,1.433
3.78,9.286,12.593,11.525,12.225,11.568,3.777,3.618
2.959,7.439,6.231,5.155,3.865,3.871,1.225,2.023
1.603,15.59,15.537,13.582,14.824,11.173,3.73,1.519
2.65,10.65,11.128,7.094,6.09,8.385,5.072,1.775
1.814,6.728,4.494,2.293,2.947,2.517,2.776,1.503
5.695,10.379,10.231,8.49,7.671,8.101,8.045,8.116
3.465,7.29,5.736,5.112,5.207,5.131,4.307,4.126
6.998,17.028,14.303,13.843,12.508,13.091,9.595,9.309
2.559,16.168,16.8,11.512,10.339,11.256,4.924,2.633
1.216,5.392,5.941,4.765,4.117,3.434,1.353,0.728
3.429,20.832,24.808,13.502,15.319,15.574,6.36,5.037
2.26,7.428,6.265,6.379,4.335,5.832,1.779,1.739
2.168,11.989,9.375,6.978,7.405,8.773,4.208,3.192
2.207,10.665,8.591,7.665,6.73,6.961,3.574,3.39
1.312,5.854,6.731,4.691,4.697,4.273,1.642,1.389
3.514,15.673,11.672,9.517,7.772,6.298,2.952,1.995
4.795,22.104,18.323,16.717,13.003,16.114,10.276,6.262
5.472,11.881,13.464,12.831,7.92,11.466,5.681,4.91
1.24,4.15,7.99,5.544,2.84,2.94,1.027,0.719
4.198,18.809,14.73,10.936,10.091,8.897,5.905,2.503
6.625,15.065,14.107,15.065,12.988,10.753,4.556,6.452
3.607,5.322,7.04,5.509,4.644,3.97,2.751,3.249
0.817,3.413,1.707,1.592,1.29,1.288,0.964,1.017
3.673,4.745,4.345,2.861,2.664,2.287,2.802,1.861
2.428,23.269,19.656,21.905,14.104,15.269,8.599,3.737
3.63,10.878,10.616,11.591,9.231,10.783,2.428,2.426
1.52,6.281,5.672,5.777,5.287,4.004,3.869,2.219
3.098,3.773,3.895,2.771,3.33,3.766,3.414,3.274
2.635,3.85,4.514,2.176,1.733,2.169,2.699,1.61
3.317,13.581,13.368,13.052,10.748,10.311,4.812,3.561
2.708,8.386,6.579,4.243,3.788,4.328,4.267,3.091
3.224,3.474,3.122,2.495,2.234,4.338,6.493,2.557
3.654,23.337,28.426,18.082,14.756,18.357,8.2,4.091
4.691,11.021,10.661,7.996,8.5,9.661,6.245,3.508
1.266,6.012,5.846,5.733,4.497,4.648,3.723,3.235
1.982,5.409,8.197,5.334,3.954,7.228,2.669,2.683
1.745,6.002,7.529,6.085,6.355,6.573,2.682,3.528
7.304,24.986,23.953,20.13,22.375,19.522,11.358,8.527
1.058,12.475,8.779,7.148,6.801,6.942,2.338,1.276
3.274,14.367,15.005,10.189,8.475,8.01,7.498,5.17
2.307,14.979,17.085,13.284,9.488,9.334,4.799,2.597
4.42,13.585,13.683,10.579,8.364,8.339,4.554,2.708
2.116,8.87,8.683,7.183,6.504,5.438,3.532,2.53
3.316,21.329,17.661,15.859,14.222,13.076,2.933,1.035
7.562,24.258,25.16,23.325,17.414,18.693,13.261,6.489
3.529,25.561,17.365,16.164,13.582,12.134,8.579,3.665
4.473,11.181,10.816,8.73,10.233,9.094,5.037,4.424
3.916,10.976,11.332,6.119,7.106,8.216,5.528,4.715
4.221,13.333,11.985,11.916,8.672,8.152,7.92,7.168
3.738,13.745,12.138,9.008,9.072,8.016,8.681,5.671
4.035,18.448,18.257,13.869,12.907,13.21,4.506,1.802
3.009,14.151,14.241,10.265,9.726,10.393,5.208,1.612
4.975,13.29,12.496,12.374,8.015,10.988,5.543,4.576
6.272,15.088,17.061,12.579,8.119,9.566,10.668,7.71
4.582,21.046,17.846,14.602,9.876,14.353,6.333,3.178
1.949,24.228,28.795,27.544,21.436,21.299,8.413,5.194
2.876,9.376,13.462,7.537,8.444,6.355,3.775,2.244
1.61,2.705,2.186,1.627,1.857,1.763,1.821,0.759
2.607,5.738,4.795,3.333,2.346,2.16,0.836,0.292
3.689,7.459,9.636,6.378,4.571,8.271,6.209,3.938
0.659,7.011,5.196,4.169,3.976,3.643,1.848,0.887
2.645,3.717,3.413,2.603,2.172,2.765,2.032,2.816
4.797,17.863,15.327,14.911,13.814,11.875,8.033,4.312
3.269,13.466,12.557,11.979,9.06,10.101,5.226,4.7
3.377,6.757,6.315,3.995,4.258,5.195,5.023,4.631
3.969,4.192,5.935,3.79,3.841,4.92,3.83,4.912
1.855,4.644,7.348,3.305,4.535,4.014,2.169,2.18
5.75,9.801,10.902,7.738,6.052,8.954,9.1,8.767
2.924,2.187,2.591,1.514,1.752,2.399,3.766,3.041
0.936,1.025,0.766,0.813,0.504,0.41,0.521,0.131
3.899,10.894,7.72,7.695,8.373,5.828,3.719,2.471
2.179,4.701,6.553,3.792,3.594,3.048,2.354,2.603
5.259,14.484,12.711,11.409,8.918,8.117,10.359,6.086
3.928,11.777,9.874,9.506,9.375,7.514,10.702,4.447
3.499,13.719,15.522,10.184,9.955,9.663,6.53,4.02
1.813,8.011,6.693,5.156,4.603,3.8,3.123,1.747
1.25,5.663,8.115,4.912,3.927,4.858,1.806,1.071
3.873,5.833,4.621,4.632,4.068,4.402,3.114,2.702
7.481,16.995,15.607,11.969,12.639,12.957,7.668,5.114
2.186,8.676,8.086,6.871,5.953,5.51,2.749,2.003
7.162,22.809,24.624,17.811,14.433,14.417,10.95,6.598
3.369,15.968,19.339,14.053,10.584,14.624,6.76,4.843
3.918,5.506,6.046,5.799,5.765,5.981,5.805,5.649
1.369,4.186,4.279,2.228,3.263,2.72,1.531,1.188
2.864,5.644,7.889,4.697,3.415,3.519,3.216,1.738
1.931,12.399,14.254,10.378,7.781,10.229,1.79,0.687
1.549,4.233,7.038,5.135,5.508,5.358,2.84,1.93
3.67,3.59,4.99,3.034,3.36,4.03,3.216,2.953
1.389,1.928,3.668,3.109,2.341,1.897,0.749,0.526
1.82,7.111,7.404,5.184,4.007,5.483,4.812,1.986
2.079,5.579,4.79,3.806,3.493,4.002,1.297,1.399
2.521,16.819,13.856,12.903,13.008,10.324,3.753,1.9
4.981,10.89,8.259,8.44,9.051,7.331,6.961,5.028
1.28,1.735,1.967,0.62,1,0.914,1.304,1.405
2.64,6.237,8.902,4.458,5.399,5.324,2.634,2.196
2.213,9.446,8.95,6.205,7.271,6.828,4.203,4.158
3.328,11.722,11.906,11.76,11.148,9.57,7.11,3.548
3.129,8.876,11.025,6.569,6.297,7.399,4.662,2.813
2.042,5.647,3.253,4.558,3.849,3.838,3.987,2.949
4.598,15.432,19.249,14.513,11.538,9.045,5.373,3.602
1.901,9.842,7.284,7.435,6.655,5.658,3.242,2.017
5.127,14.336,13.908,13.097,9.532,11.22,6.625,2.782
2.514,8.333,9.742,6.935,6.62,9.182,3.368,2.727
5.624,11.958,20.864,12.978,13.522,13.765,7.381,5.027
1.531,3.616,4.366,3.785,3.043,2.404,1.794,2.866
2.844,12.845,13.058,10.682,10.097,12.458,3.978,2.92
4.447,14.144,12.195,9.585,9.355,8.625,7.076,1.662
3.662,12.27,13.296,10.558,9.063,7.207,3.323,2.125
5.882,23.224,25.118,17.519,16.932,19.167,11.257,5.658
1.499,4.496,2.793,4.466,2.418,2.653,2.319,1.779
1.202,4.196,5.698,3.692,2.861,3.592,2.369,1.483
4.088,6.42,5.803,5.949,4.36,6.114,4.847,2.832
5.209,14.97,18.589,16.237,16.617,10.772,11.424,9.522
2.972,15.801,12.584,9.522,10.06,11.505,7.124,3.826
2.647,3.286,5.563,4.124,2.452,4.089,1.717,1.244
1.559,13.07,9.947,10.105,6.699,8.478,2.912,2.263
7.837,12.411,11.072,10.366,8.83,7.577,10.833,9.454
3.825,11.171,12.643,7.714,7.515,8.048,5.443,2.996
5.865,15.498,14.923,13.526,11.534,9.531,6.61,3.647
3.408,9.817,9.065,11.368,6.467,10.086,6.213,4.116
4.91,21.586,19.318,15.382,14.788,15.425,10.602,4.817
2.174,11.301,9.481,7.906,7.676,7.777,3.023,3.408
4.807,24.403,25.357,17.776,20.253,18.116,7.324,4.25
2.881,13.468,9.759,9.049,9.305,10.385,7.363,4.421
2.329,4.171,6.078,5.468,3.957,6.857,4.731,3.515
1.546,5.892,6.916,6.93,5.491,5.35,1.166,1.288
3.366,8.454,7.346,5.108,3.968,6.648,3.582,1.5
0.652,4.32,3.148,2.035,1.656,1.73,2.059,1.356
3.638,22.649,16.813,16.29,13.536,13.481,6.013,4.863
2.868,2.95,4.084,4.578,2.957,2.068,2.036,2.701
4.523,22.155,17.426,14.724,12.208,14.242,11.275,6.916
2.384,7.063,6.569,3.813,4.857,4.622,4.499,3.216
1.586,5.689,5.707,5.227,4.544,4.89,2.906,2.657
3.897,18.682,17.301,11.205,10.817,13.637,7.13,2.951
7.179,15.748,17.013,11.177,14.305,12.794,12.481,7.846
2.624,9.859,10.015,7.059,5.522,5.484,2.33,1.401
8.434,17.252,21.308,17.521,19.473,13.55,8.524,6.247
0.969,2.371,2.617,1.699,0.747,1.41,0.666,0.591
3.181,6.331,4.792,3.411,3.414,2.972,4.017,3.672
5.635,12.637,13.048,10.437,8.241,8.261,9.791,8.385
5.856,10.799,9.849,7.429,7.787,5.757,6.345,4.737
1.514,7.272,10.64,7.927,6.6,6.715,3.984,1.184
1.632,13.34,10.789,8.825,7.682,8.632,3.028,1.373
1.286,4.643,5.021,3.717,3.025,3.248,2.267,2.478
4.027,11.034,15.02,12.49,8.746,9.636,6.47,4.196
3.385,4.501,4.503,4.017,2.96,2.834,3.391,2.455
2.397,12.43,10.864,8.313,8.179,6.541,4.235,3.264
2.726,8.356,6.417,6.827,6.168,4.576,5.117,3.902
2.058,6.352,5.504,4.906,3.941,4.949,2.546,2.242
2.198,8.645,6.953,4.985,4.623,4.357,4.34,1.935
0.955,7.972,6.996,6.528,4.584,5.587,1.971,0.58
5.988,21.767,21.085,16.894,11.85,14.368,8.73,5.702
5.773,22.08,22.591,15.778,17.552,14.074,8.894,3.613
3.261,10.193,11.601,7.344,7.074,6.647,6.576,2.927
3.677,8.544,10.226,9.967,7.316,9.413,3.403,3.692
3.099,8.426,7.97,6.96,7.028,5.833,4.744,3.403
3.285,4.865,4.531,3.665,2.751,2.068,2.598,3.152
2.304,4.328,4.235,2.89,3.101,3.541,2.468,2.441
2.22,10.238,11.317,7.463,5.066,6.762,5.941,4.118
4.874,19.677,17.058,13.295,12.248,13.83,8.049,3.686
6.646,15.144,18.802,10.684,12.487,13.817,7.458,6.632
4.347,12.125,10.928,8.398,6.459,6.719,7.894,6.339
2.055,8.837,8.001,7.16,3.436,6.77,2.67,0.991
1.412,7.593,6.108,4.213,3.98,5.491,3.604,2.375
2.24,8.41,5.155,6.133,4.541,4.943,3.544,2.231
2.222,9.199,5.341,4.477,5.151,4.055,1.416,0.761
