fpr,Transformer,Charlson,Elixhauser,llama,Delpi
0,0,0,0,0,0
0.001956947,0.027982729,0.023661407,0.021946356,0.00962387,0.041862923
0.003913894,0.054079273,0.04284629,0.03939413,0.016209277,0.07049286
0.005870841,0.075187583,0.059340627,0.052860716,0.022794683,0.098596728
0.007827789,0.095909682,0.073808133,0.067752971,0.029842292,0.124015386
0.009784736,0.11312912,0.084604536,0.08150772,0.036653043,0.143890133
0.011741683,0.131394446,0.095400938,0.092138134,0.045310331,0.16442704
0.01369863,0.147497923,0.106197341,0.103247626,0.054288822,0.182245637
0.015655577,0.1602399,0.115655239,0.114253555,0.062427286,0.201489583
0.017612524,0.174896749,0.124941037,0.124734861,0.0752583,0.215689703
0.019569472,0.185197704,0.134226836,0.134210763,0.081448234,0.231773042
0.021526419,0.196029853,0.143512635,0.142659235,0.08786076,0.245470361
0.023483366,0.207992239,0.152798434,0.150948459,0.094224416,0.255555766
0.025440313,0.21685692,0.162084233,0.159066192,0.100960656,0.26350915
0.02739726,0.226001347,0.169834084,0.167183924,0.105117127,0.276093266
0.029354207,0.236403613,0.177172164,0.175159946,0.109273597,0.288843632
0.031311155,0.247793853,0.184510243,0.18304811,0.113430068,0.298417723
0.033268102,0.255795534,0.191848323,0.190936274,0.117586538,0.305472868
0.035225049,0.263913616,0.199186403,0.198322771,0.121743009,0.314618026
0.037181996,0.270828848,0.206524482,0.204946702,0.125899479,0.325296017
0.039138943,0.278516041,0.213862562,0.211570632,0.13005595,0.334210262
0.04109589,0.286759957,0.221200642,0.218194563,0.135545018,0.342046426
0.043052838,0.293940217,0.228538721,0.225199003,0.142064372,0.349529114
0.045009785,0.30166351,0.235876801,0.232463326,0.147409881,0.356765423
0.046966732,0.308475939,0.243214881,0.239727648,0.151207453,0.364058327
0.048923679,0.315844069,0.248924084,0.24605476,0.155005025,0.369852385
0.050880626,0.32228117,0.254266339,0.25093734,0.158802597,0.375465065
0.052837573,0.328259635,0.259608593,0.255819919,0.162600169,0.383075416
0.054794521,0.337292112,0.264950848,0.260702498,0.166397741,0.388159311
0.056751468,0.342250474,0.270293102,0.265585077,0.171513653,0.397845575
0.058708415,0.34823597,0.275635357,0.270467657,0.177286472,0.403541174
0.060665362,0.353625048,0.280977611,0.275350236,0.18328738,0.409041981
0.062622309,0.359475716,0.286319866,0.279228564,0.1876478,0.41679225
0.064579256,0.36623094,0.29166212,0.282446404,0.19200822,0.42093628
0.066536204,0.370512895,0.297004375,0.285664243,0.19740749,0.42540366
0.068493151,0.376995389,0.302346629,0.288882083,0.20130104,0.430312012
0.070450098,0.381735397,0.307688884,0.292099923,0.207112567,0.436383208
0.072407045,0.384774123,0.313031138,0.295317763,0.212529346,0.441550054
0.074363992,0.389786716,0.318373393,0.298535603,0.217108307,0.446544347
0.076320939,0.394297336,0.323715647,0.301753443,0.222566228,0.452110129
0.078277886,0.397847147,0.329057902,0.304971283,0.228059349,0.457265877
0.080234834,0.40396011,0.334400156,0.310031321,0.232139525,0.463293864
0.082191781,0.407573912,0.339742411,0.315635531,0.236209335,0.467599569
0.084148728,0.413006642,0.34502963,0.321239741,0.241455767,0.473627557
0.086105675,0.415975949,0.348884644,0.326843952,0.246080276,0.477933262
0.088062622,0.419375673,0.352739657,0.332448162,0.250704785,0.482238967
0.090019569,0.423028449,0.356594671,0.338052372,0.255329294,0.485683531
0.091976517,0.425796769,0.360449685,0.343681934,0.259787923,0.490204521
0.093933464,0.431026139,0.364304699,0.349326669,0.262364853,0.495973595
0.095890411,0.433584499,0.368159712,0.354971404,0.264941783,0.499677072
0.097847358,0.436842973,0.372014726,0.360616139,0.267518713,0.503792612
0.099804305,0.441490827,0.37586974,0.366260874,0.270095643,0.508532954
0.101761252,0.447757816,0.379724754,0.371905609,0.272672573,0.513024758
0.1037182,0.452960172,0.383579767,0.377550344,0.275249504,0.516951931
0.105675147,0.458127018,0.387434781,0.383195079,0.277826434,0.521420883
0.107632094,0.463237455,0.391289795,0.388184972,0.280403364,0.5264776
0.109589041,0.467046882,0.395144809,0.391725804,0.282980294,0.531754575
0.111545988,0.470471085,0.398999823,0.395266636,0.286673577,0.53649085
0.113502935,0.473740724,0.402854836,0.398807468,0.290216407,0.540221794
0.115459883,0.478282444,0.40670985,0.402348299,0.293728966,0.54362008
0.11741683,0.481500351,0.410564864,0.405889131,0.297241525,0.548149034
0.119373777,0.48482239,0.414419878,0.409429963,0.300754083,0.550699677
0.121330724,0.487405813,0.418274891,0.412970795,0.304266642,0.55350481
0.123287671,0.491107933,0.422129905,0.416081622,0.308737583,0.558234661
0.125244618,0.495801938,0.425984919,0.418893082,0.313103217,0.561664609
0.127201566,0.499533102,0.429839933,0.421704542,0.316984422,0.565339074
0.129158513,0.502578152,0.433694946,0.424516002,0.320865627,0.568783638
0.13111546,0.505489774,0.43754996,0.427327462,0.324746832,0.573950484
0.133072407,0.509048643,0.441404974,0.430138922,0.328628038,0.577179763
0.135029354,0.512032159,0.445259988,0.432950382,0.332509243,0.579432098
0.136986301,0.515551991,0.449115001,0.435761842,0.336390448,0.581805868
0.138943249,0.51883746,0.452970015,0.438573302,0.340689646,0.585004603
0.140900196,0.521718114,0.456825029,0.441384762,0.345640736,0.587766884
0.142857143,0.524865447,0.460680043,0.444196222,0.350591826,0.591603875
0.14481409,0.52787944,0.464535056,0.447007682,0.354902436,0.593110872
0.146771037,0.530247578,0.46839007,0.449819142,0.359072044,0.595093037
0.148727984,0.534122713,0.472245084,0.452630602,0.363241651,0.597416577
0.150684932,0.538902733,0.474923998,0.455442062,0.367411258,0.599354144
0.152641879,0.541657696,0.477574556,0.458253522,0.371580866,0.602233315
0.154598826,0.543346797,0.480225113,0.461064982,0.375750473,0.606673843
0.156555773,0.546609257,0.48287567,0.463876442,0.379920081,0.608826695
0.15851272,0.550469409,0.485526227,0.466690556,0.384089688,0.611460732
0.160469667,0.553067815,0.488176784,0.469508029,0.388259296,0.615500538
0.162426614,0.555447821,0.490827341,0.472325501,0.39223976,0.619590958
0.164383562,0.557158235,0.493477899,0.475142974,0.394422045,0.622885117
0.166340509,0.56027896,0.496128456,0.477960446,0.396604331,0.62583423
0.168297456,0.563616792,0.498779013,0.480777918,0.398786616,0.628848224
0.170254403,0.566764591,0.50142957,0.483595391,0.400968902,0.630600744
0.17221135,0.569429494,0.504080127,0.486412863,0.403151187,0.633369214
0.174168297,0.571367061,0.506730684,0.489230335,0.405333473,0.635952637
0.176125245,0.573950484,0.509381241,0.492047808,0.407515758,0.639297886
0.178082192,0.576318622,0.512031799,0.49486528,0.409698044,0.641550054
0.180039139,0.578261953,0.514682356,0.497532104,0.411880329,0.643487621
0.181996086,0.581837677,0.517332913,0.499933319,0.414062615,0.645640474
0.183953033,0.584284177,0.51998347,0.502334533,0.4162449,0.648581161
0.18590998,0.586019203,0.522634027,0.504735748,0.418427185,0.652314316
0.187866928,0.588805167,0.525284584,0.507136962,0.420609471,0.654251884
0.189823875,0.590864682,0.527935142,0.509538177,0.422791756,0.656404736
0.191780822,0.592815696,0.530585699,0.511939391,0.424974042,0.658557589
0.193737769,0.59590958,0.533236256,0.514340606,0.427156327,0.661571582
0.195694716,0.598104652,0.535886813,0.51674182,0.429338613,0.664155005
0.197651663,0.600321586,0.53853737,0.519143035,0.431520898,0.665877287
0.199608611,0.604305705,0.541187927,0.521544249,0.434741401,0.667384284
0.201565558,0.606764941,0.543838485,0.523945464,0.438191711,0.669537137
0.203522505,0.609257266,0.546489042,0.526346678,0.44164202,0.671631503
0.205479452,0.611505181,0.549139599,0.528747893,0.44509233,0.676426265
0.207436399,0.613562971,0.551790156,0.531149107,0.44854264,0.678363832
0.209393346,0.616361679,0.554440713,0.533550322,0.45199295,0.679870829
0.211350294,0.617868676,0.55709127,0.535951536,0.45544326,0.682454252
0.213307241,0.619806243,0.559741828,0.538352751,0.458910861,0.684176534
0.215264188,0.62280538,0.562392385,0.540753965,0.462384987,0.685468245
0.217221135,0.624973089,0.565042942,0.54315518,0.465859113,0.687190527
0.219178082,0.626480086,0.567693499,0.545556394,0.469333239,0.689128095
0.221135029,0.629264563,0.570344056,0.548080328,0.472807364,0.691269183
0.223091977,0.632508073,0.572994613,0.550669998,0.47628149,0.694626851
0.225048924,0.634017598,0.575645171,0.553259667,0.479755616,0.696447793
0.227005871,0.637674919,0.578295728,0.555849336,0.483229742,0.698815931
0.228962818,0.639769745,0.580946285,0.558439006,0.486703868,0.701399354
0.230919765,0.642841765,0.583596842,0.561028675,0.490780451,0.70247578
0.232876712,0.645209903,0.586247399,0.563618345,0.494873938,0.704628633
0.234833659,0.648439182,0.588897956,0.566208014,0.498967425,0.705274489
0.236790607,0.650446631,0.591548513,0.568797683,0.503060911,0.708288482
0.238747554,0.652346999,0.594199071,0.571387353,0.507154398,0.712163617
0.240704501,0.655974166,0.596849628,0.573977022,0.511079679,0.713455328
0.242661448,0.659203445,0.599500185,0.576566692,0.515599414,0.71517761
0.244618395,0.660279871,0.602150742,0.579156361,0.519804871,0.717330463
0.246575342,0.661571582,0.604801299,0.581746031,0.522143926,0.71926803
0.24853229,0.664179038,0.607451856,0.5843357,0.524482982,0.720990312
0.250489237,0.667168999,0.610102414,0.586925369,0.526689953,0.722927879
0.252446184,0.669843964,0.612752971,0.589515039,0.528835682,0.724434876
0.254403131,0.671252183,0.615403528,0.592104708,0.530981411,0.726803014
0.256360078,0.673196986,0.618054085,0.594694378,0.53312714,0.729171152
0.258317025,0.675780409,0.620704642,0.597284047,0.535272869,0.730678149
0.260273973,0.677933262,0.623355199,0.599873717,0.537418598,0.732185145
0.26223092,0.680947255,0.626005757,0.602463386,0.539564327,0.733261572
0.264187867,0.68292934,0.628656314,0.605053055,0.541710056,0.734768568
0.266144814,0.685037675,0.631306871,0.607642725,0.543855785,0.736275565
0.268101761,0.687190527,0.633957428,0.610232394,0.546001514,0.737782562
0.270058708,0.68934338,0.636607985,0.612822064,0.548147243,0.738643703
0.272015656,0.692255199,0.639258542,0.615411733,0.550292972,0.74058127
0.273972603,0.693649085,0.6419091,0.618001403,0.552142495,0.743164693
0.27592955,0.69561763,0.644559657,0.62031725,0.553298024,0.74467169
0.277886497,0.696878364,0.647210214,0.621661871,0.554575224,0.747255113
0.279843444,0.69877031,0.649860771,0.623006491,0.555879965,0.74919268
0.281800391,0.701161898,0.652511328,0.624351112,0.557249116,0.750699677
0.283757339,0.702691066,0.655161885,0.625695733,0.558618268,0.75285253
0.285714286,0.704413348,0.657812443,0.627040354,0.559987419,0.754144241
0.287671233,0.707482047,0.660463,0.628384975,0.56135657,0.755929192
0.28962818,0.709364909,0.663113557,0.629729596,0.562725721,0.758051455
0.291585127,0.710871905,0.665764114,0.631074216,0.564094873,0.759526372
0.293542074,0.711595281,0.668414671,0.632418837,0.565425223,0.761033369
0.295499022,0.712809473,0.670201246,0.633763458,0.566933035,0.761679225
0.297455969,0.714316469,0.67168262,0.635108079,0.568440847,0.763186222
0.299412916,0.715733836,0.673163995,0.6364527,0.569948658,0.764047363
0.301369863,0.718862457,0.674645369,0.637797321,0.571428571,0.76555436
0.30332681,0.720775027,0.676126743,0.639141941,0.572110337,0.766846071
0.305283757,0.722282024,0.677608118,0.640486562,0.572862018,0.767922497
0.307240705,0.724004306,0.679089492,0.641831183,0.5736137,0.768998924
0.309197652,0.725623094,0.680570866,0.643175804,0.574365381,0.771582347
0.311154599,0.726803014,0.682052241,0.644520425,0.575117062,0.772012917
0.313111546,0.728310011,0.683533615,0.645865046,0.576162392,0.77416577
0.315068493,0.729817008,0.685014989,0.647209666,0.577424279,0.775242196
0.31702544,0.731324004,0.686496364,0.648554287,0.578686167,0.776749193
0.318982387,0.732633508,0.687977738,0.649898908,0.579948054,0.777825619
0.320939335,0.734122713,0.689459112,0.651243529,0.581742441,0.77911733
0.322896282,0.735629709,0.690940487,0.65258815,0.583820468,0.780624327
0.324853229,0.737567277,0.692421861,0.653932771,0.585898496,0.78277718
0.326810176,0.739720129,0.693903235,0.655277391,0.587976524,0.784284177
0.328767123,0.741467087,0.69538461,0.656622012,0.590074404,0.786221744
0.33072407,0.742734123,0.696865984,0.657966633,0.592239438,0.787728741
0.332681018,0.743810549,0.698347358,0.659311254,0.594404471,0.789451023
0.334637965,0.745532831,0.699828733,0.660655875,0.596569505,0.791173305
0.336594912,0.747255113,0.701310107,0.662000496,0.598734538,0.791603875
0.338551859,0.748546825,0.702791481,0.663345116,0.600899572,0.793110872
0.340508806,0.751776103,0.704272856,0.664689737,0.603064606,0.794833154
0.342465753,0.7532831,0.70575423,0.666034358,0.605229639,0.796555436
0.344422701,0.755005382,0.707235604,0.667378979,0.607394673,0.798277718
0.346379648,0.755866523,0.708716979,0.6687236,0.609559706,0.798923574
0.348336595,0.756727664,0.710198353,0.670068221,0.61172474,0.800645856
0.350293542,0.75780409,0.711679727,0.671412842,0.613889773,0.803444564
0.352250489,0.759526372,0.713161102,0.672757462,0.616054807,0.805166846
0.354207436,0.761248654,0.714642476,0.674102083,0.618219841,0.806889128
0.356164384,0.763186222,0.71612385,0.675446704,0.620384874,0.807750269
0.358121331,0.764408321,0.717605225,0.676791325,0.622549908,0.80861141
0.360078278,0.765479267,0.719086599,0.678135946,0.624714941,0.810118407
0.362035225,0.767061356,0.720567973,0.679480567,0.626747538,0.811194833
0.363992172,0.769860065,0.722049348,0.680825187,0.62876469,0.812917115
0.365949119,0.771582347,0.723530722,0.682169808,0.630781842,0.814208827
0.367906067,0.772443488,0.725012096,0.684207073,0.632798993,0.815285253
0.369863014,0.773089343,0.726493471,0.686430173,0.634816145,0.817007535
0.371819961,0.774811625,0.727974845,0.688653273,0.636768107,0.818729817
0.373776908,0.775672766,0.729456219,0.690876372,0.638557286,0.819806243
0.375733855,0.777179763,0.730937594,0.693099472,0.640346465,0.821097955
0.377690802,0.777825619,0.732418968,0.695322572,0.642135643,0.822174381
0.37964775,0.77911733,0.733900342,0.697545672,0.643924822,0.823250807
0.381604697,0.780624327,0.735381717,0.699768772,0.645714001,0.823466093
0.383561644,0.782131324,0.736863091,0.701991872,0.64750318,0.824973089
0.385518591,0.783853606,0.738344465,0.704507174,0.649292359,0.826695371
0.387475538,0.786320717,0.73982584,0.707062637,0.650983584,0.827771798
0.389432485,0.787944026,0.741307214,0.7096181,0.652620664,0.830139935
0.391389432,0.789235737,0.742788588,0.712173564,0.654257744,0.830785791
0.39334638,0.790958019,0.744269963,0.714729027,0.655894824,0.831646932
0.395303327,0.792379209,0.745751337,0.71728449,0.657531904,0.832723358
0.397260274,0.793756728,0.747232711,0.719839953,0.659168984,0.833369214
0.399217221,0.795048439,0.748714086,0.721455647,0.660919076,0.835522067
0.401174168,0.796340151,0.75019546,0.722301953,0.662603555,0.837029064
0.403131115,0.798062433,0.751676834,0.723148258,0.664288034,0.838751346
0.405088063,0.799138859,0.753158209,0.723994564,0.665972513,0.840043057
0.40704501,0.801291712,0.754639583,0.724840869,0.667656991,0.841119483
0.409001957,0.802152853,0.756120957,0.725687174,0.66934147,0.841980624
0.410958904,0.804736276,0.757602332,0.72653348,0.671025949,0.843272336
0.412915851,0.805286171,0.759083706,0.727379785,0.672710428,0.844564047
0.414872798,0.806889128,0.76056508,0.728226091,0.674394907,0.845640474
0.416829746,0.807750269,0.762046455,0.729072396,0.676321009,0.8467169
0.418786693,0.810118407,0.763527829,0.729918701,0.678900645,0.847362756
0.42074364,0.811625404,0.765009203,0.730765007,0.68148028,0.848439182
0.422700587,0.813347686,0.766490578,0.731611312,0.683323776,0.849085038
0.424657534,0.814424112,0.767971952,0.732457618,0.684521621,0.849515608
0.426614481,0.816576964,0.769453326,0.733303923,0.685719465,0.85080732
0.428571429,0.817438105,0.770934701,0.734150228,0.686706909,0.851453175
0.430528376,0.818299247,0.772416075,0.734996534,0.687536509,0.852314316
0.432485323,0.819806243,0.773897449,0.735842839,0.688366109,0.854251884
0.43444227,0.82131324,0.775378824,0.736689144,0.689195709,0.855758881
0.436399217,0.822174381,0.776860198,0.73753545,0.69066869,0.856835307
0.438356164,0.823681378,0.778341572,0.738381755,0.692582991,0.857050592
0.440313112,0.824542519,0.779822947,0.739228061,0.694497292,0.858127018
0.442270059,0.82658018,0.781304321,0.740074366,0.696411592,0.858557589
0.444227006,0.827987083,0.782785695,0.740920671,0.698325893,0.860064586
0.446183953,0.830441002,0.78426707,0.741766977,0.700146277,0.860710441
0.4481409,0.832397518,0.785748444,0.742613282,0.701941764,0.862002153
0.450097847,0.833799785,0.787229818,0.743459588,0.703737251,0.86393972
0.452054795,0.834660926,0.788440796,0.744305893,0.705563249,0.864800861
0.454011742,0.834876211,0.789196364,0.745152198,0.70762588,0.866092573
0.455968689,0.836383208,0.789951933,0.745998504,0.709688511,0.866738428
0.457925636,0.837244349,0.790707502,0.746844809,0.711751142,0.86846071
0.459882583,0.837890205,0.79146307,0.747691115,0.713813773,0.869106566
0.46183953,0.838966631,0.792218639,0.74853742,0.715876404,0.869752422
0.463796477,0.839827772,0.792974207,0.749383725,0.717939035,0.871474704
0.465753425,0.840473628,0.793729776,0.750230031,0.720001666,0.872335845
0.467710372,0.841119483,0.794485345,0.751076336,0.722064297,0.873842842
0.469667319,0.841765339,0.795240913,0.751922642,0.724126928,0.875324139
0.471624266,0.84262648,0.795996482,0.752768947,0.726189559,0.875349839
0.473581213,0.843057051,0.79675205,0.753615252,0.728252191,0.87621098
0.47553816,0.843487621,0.797507619,0.754461558,0.730118263,0.877287406
0.477495108,0.845209903,0.798263187,0.755307863,0.731965795,0.877717976
0.479452055,0.845640474,0.799018756,0.756154169,0.733813326,0.879009688
0.481409002,0.8467169,0.799774325,0.757000474,0.735660857,0.880516685
0.483365949,0.847793326,0.800529893,0.757846779,0.737508389,0.881808396
0.485322896,0.849515608,0.801285462,0.758693085,0.73935592,0.883100108
0.487279843,0.85123789,0.80204103,0.75953939,0.741203452,0.884391819
0.489236791,0.852314316,0.802796599,0.760385696,0.743050983,0.88482239
0.491193738,0.853175457,0.803552168,0.761232001,0.744898514,0.88525296
0.493150685,0.854682454,0.804307736,0.762078306,0.746746046,0.886544672
0.495107632,0.856404736,0.805063305,0.762924612,0.748593577,0.886759957
0.497064579,0.858772874,0.805818873,0.763770917,0.750441109,0.887621098
0.499021526,0.859634015,0.806574442,0.764617223,0.75228864,0.888482239
0.500978474,0.8598493,0.80733001,0.765463528,0.754136171,0.888912809
0.502935421,0.860710441,0.808085579,0.766309833,0.755983703,0.889989236
0.504892368,0.862217438,0.808841148,0.767156139,0.757831234,0.891280947
0.506849315,0.86393972,0.809596716,0.768002444,0.759678766,0.891711518
0.508806262,0.864800861,0.810352285,0.768848749,0.761526297,0.892357374
0.510763209,0.865016146,0.811107853,0.769695055,0.763373828,0.893003229
0.512720157,0.865761156,0.811863422,0.77054136,0.76522136,0.893649085
0.514677104,0.867168999,0.812618991,0.771387666,0.767068891,0.895586652
0.516634051,0.868675996,0.813374559,0.772233971,0.768916423,0.896663079
0.518590998,0.870398278,0.814130128,0.773080276,0.770763954,0.897308934
0.520547945,0.871905274,0.814885696,0.773926582,0.772611485,0.897739505
0.522504892,0.873196986,0.815641265,0.774772887,0.774459017,0.898600646
0.52446184,0.874488698,0.816396834,0.775619193,0.776306548,0.898600646
0.526418787,0.875565124,0.817152402,0.776465498,0.778154079,0.899246502
0.528375734,0.87664155,0.817907971,0.777311803,0.780001611,0.900107643
0.530332681,0.877933262,0.818663539,0.778158109,0.781849142,0.900538213
0.532289628,0.879440258,0.819419108,0.779004414,0.783696674,0.900968784
0.534246575,0.880301399,0.820174676,0.77985072,0.785544205,0.901399354
0.536203523,0.880516685,0.820930245,0.780697025,0.787391736,0.90204521
0.53816047,0.881377826,0.821685814,0.78154333,0.789239268,0.902691066
0.540117417,0.881808396,0.822441382,0.782389636,0.791086799,0.903121636
0.542074364,0.881808396,0.823196951,0.783235941,0.792942383,0.903767492
0.544031311,0.883100108,0.823952519,0.784082247,0.794813934,0.904413348
0.545988258,0.883315393,0.824708088,0.784928552,0.796685484,0.905059203
0.547945205,0.884391819,0.825463657,0.785774857,0.798557035,0.905489774
0.549902153,0.886114101,0.826219225,0.786621163,0.800428585,0.905920344
0.5518591,0.886759957,0.826974794,0.787467468,0.802300136,0.906996771
0.553816047,0.888051668,0.827730362,0.788313774,0.804171687,0.907642626
0.555772994,0.889128095,0.828485931,0.789160079,0.806043237,0.909149623
0.557729941,0.88977395,0.829241499,0.790006384,0.807914788,0.909795479
0.559686888,0.890850377,0.829997068,0.79085269,0.809786338,0.91065662
0.561643836,0.891711518,0.830752637,0.791698995,0.811657889,0.911948332
0.563600783,0.891926803,0.831508205,0.792545301,0.81352944,0.911948332
0.56555773,0.892423946,0.832263774,0.793391606,0.81540099,0.912809473
0.567514677,0.893218515,0.833019342,0.794237911,0.817272541,0.913670614
0.569471624,0.89386437,0.833774911,0.795084217,0.819144091,0.914531755
0.571428571,0.895423517,0.83453048,0.795930522,0.821015642,0.914962325
0.573385519,0.896017223,0.835286048,0.796776828,0.822887193,0.91517761
0.575342466,0.896878364,0.836041617,0.797623133,0.824758743,0.915966498
0.577299413,0.897739505,0.836797185,0.798469438,0.826630294,0.916254037
0.57925636,0.898385361,0.837552754,0.799315744,0.828462382,0.917330463
0.581213307,0.899677072,0.838308323,0.800162049,0.829032335,0.917545748
0.583170254,0.900107643,0.839063891,0.801008354,0.829602287,0.917976319
0.585127202,0.900968784,0.83981946,0.80185466,0.83017224,0.919052745
0.587084149,0.901399354,0.840575028,0.802700965,0.830743264,0.919698601
0.589041096,0.90204521,0.841330597,0.803547271,0.831622181,0.920559742
0.590998043,0.90204521,0.842086165,0.804393576,0.832501097,0.920990312
0.59295499,0.902260495,0.842841734,0.805239881,0.833380014,0.921420883
0.594911937,0.902906351,0.843597303,0.806086187,0.834258931,0.922066738
0.596868885,0.903408613,0.844352871,0.806932492,0.835137847,0.922712594
0.598825832,0.903982777,0.84510844,0.807778798,0.836016764,0.922927879
0.600782779,0.904628633,0.845864008,0.808625103,0.83689568,0.923573735
0.602739726,0.905705059,0.846619577,0.809471408,0.837774597,0.924865447
0.604696673,0.906350915,0.847375146,0.810317714,0.838709574,0.925511302
0.60665362,0.907256234,0.848130714,0.811164019,0.839956343,0.926587729
0.608610568,0.908073197,0.848886283,0.812010325,0.841203112,0.927018299
0.610567515,0.908719053,0.849641851,0.81285663,0.84244988,0.927233584
0.612524462,0.909795479,0.85039742,0.813702935,0.843696649,0.92744887
0.614481409,0.910441335,0.851152988,0.814549241,0.844943418,0.928094726
0.616438356,0.911517761,0.851908557,0.815395546,0.846323382,0.928310011
0.618395303,0.913024758,0.852664126,0.816241852,0.848027948,0.929601722
0.62035225,0.913455328,0.853419694,0.817088157,0.849732513,0.929817008
0.622309198,0.913670614,0.854175263,0.817934462,0.851437079,0.930462863
0.624266145,0.91474704,0.854930831,0.818780768,0.853141644,0.931324004
0.626223092,0.915823466,0.8556864,0.819627073,0.85484621,0.932185145
0.628180039,0.916684607,0.856441969,0.820473379,0.856550775,0.933261572
0.630136986,0.917330463,0.857197537,0.821319684,0.858255341,0.933907427
0.632093933,0.919483315,0.857953106,0.822165989,0.859959906,0.934122713
0.634050881,0.919698601,0.858708674,0.823012295,0.861664472,0.934553283
0.636007828,0.920344456,0.859464243,0.8238586,0.863369037,0.935414424
0.637964775,0.921636168,0.860219812,0.824704906,0.865073603,0.93606028
0.639921722,0.921851453,0.86097538,0.825551211,0.866778168,0.93649085
0.641878669,0.922497309,0.861730949,0.826397516,0.868482734,0.93649085
0.643835616,0.922712594,0.862486517,0.827243822,0.870187299,0.936921421
0.645792564,0.92378902,0.863242086,0.828090127,0.871891865,0.937567277
0.647749511,0.924219591,0.863997654,0.828936433,0.87359643,0.937567277
0.649706458,0.925080732,0.864753223,0.829782738,0.875300996,0.938428418
0.651663405,0.925296017,0.865508792,0.830629043,0.876807889,0.938858988
0.653620352,0.925941873,0.86626436,0.831475349,0.878176743,0.939289559
0.655577299,0.926587729,0.867019929,0.832321654,0.879545598,0.939504844
0.657534247,0.927664155,0.867775497,0.83316796,0.880914452,0.939935414
0.659491194,0.92787944,0.868531066,0.834014265,0.882283306,0.940365985
0.661448141,0.928525296,0.869286635,0.83486057,0.88365216,0.940365985
0.663405088,0.929601722,0.870042203,0.835706876,0.885021015,0.940796555
0.665362035,0.930032293,0.870797772,0.836553181,0.886389869,0.941872982
0.667318982,0.930247578,0.87155334,0.837399486,0.887758723,0.942303552
0.66927593,0.930462863,0.872308909,0.838245792,0.889127578,0.942518837
0.671232877,0.930678149,0.873064478,0.839092097,0.890496432,0.943595264
0.673189824,0.931108719,0.873820046,0.839938403,0.891865286,0.943810549
0.675146771,0.932615716,0.874575615,0.840784708,0.89323414,0.94510226
0.677103718,0.933261572,0.875331183,0.841631013,0.894602995,0.946007301
0.679060665,0.933692142,0.876086752,0.842477319,0.895971849,0.946609257
0.681017613,0.934553283,0.87684232,0.843323624,0.897340703,0.947470398
0.68297456,0.934983854,0.877597889,0.84416993,0.898709558,0.948116254
0.684931507,0.93606028,0.878353458,0.845016235,0.900078412,0.948331539
0.686888454,0.93649085,0.879109026,0.84586254,0.901447266,0.949838536
0.688845401,0.936921421,0.879864595,0.846708846,0.90281612,0.950653703
0.690802348,0.937782562,0.880620163,0.847555151,0.904184975,0.951130248
0.692759295,0.938858988,0.881375732,0.848401457,0.905553829,0.951991389
0.694716243,0.9401507,0.882131301,0.849247762,0.906922683,0.952637244
0.69667319,0.94058127,0.882886869,0.850094067,0.908291538,0.9532831
0.698630137,0.941086007,0.883642438,0.850940373,0.909660392,0.953498385
0.700587084,0.941872982,0.884398006,0.851786678,0.911029246,0.953928956
0.702544031,0.942518837,0.885153575,0.852632984,0.9123981,0.954359526
0.704500978,0.943164693,0.885909143,0.853479289,0.913766955,0.955005382
0.706457926,0.943810549,0.886664712,0.854325594,0.915135809,0.956081808
0.708414873,0.944456405,0.887420281,0.8551719,0.916504663,0.956942949
0.71037182,0.94467169,0.888175849,0.856018205,0.917873518,0.95737352
0.712328767,0.94510226,0.888931418,0.856864511,0.919242372,0.958449946
0.714285714,0.945748116,0.889686986,0.857710816,0.920611226,0.958665231
0.716242661,0.946609257,0.890442555,0.858557121,0.92198008,0.958880517
0.718199609,0.947470398,0.891198124,0.859403427,0.923348935,0.959956943
0.720156556,0.94876211,0.891953692,0.860249732,0.924717789,0.960602799
0.722113503,0.94919268,0.892709261,0.861096038,0.926086643,0.961679225
0.72407045,0.949623251,0.893464829,0.861942343,0.927455498,0.962109795
0.726027397,0.950269107,0.894220398,0.862788648,0.928824352,0.962755651
0.727984344,0.951345533,0.894975967,0.863634954,0.930193206,0.963186222
0.729941292,0.951776103,0.895731535,0.864481259,0.93156206,0.963832078
0.731898239,0.952206674,0.896487104,0.865327565,0.932930915,0.964262648
0.733855186,0.95285253,0.897242672,0.86617387,0.933805806,0.964693219
0.735812133,0.953848267,0.897998241,0.867020175,0.934701767,0.96598493
0.73776908,0.954790097,0.898753809,0.867866481,0.935934238,0.966415501
0.739726027,0.955651238,0.899509378,0.868712786,0.937166708,0.966846071
0.741682975,0.955866523,0.900264947,0.869559091,0.938399179,0.967276642
0.743639922,0.956081808,0.901020515,0.870405397,0.93963165,0.967707212
0.745596869,0.956727664,0.901776084,0.871251702,0.940864121,0.967922497
0.747553816,0.957259266,0.902531652,0.872098008,0.942096592,0.967922497
0.749510763,0.95780409,0.903287221,0.872944313,0.943329063,0.968137783
0.75146771,0.958665231,0.90404279,0.873790618,0.944561534,0.968137783
0.753424658,0.959095802,0.904798358,0.874636924,0.945794004,0.968137783
0.755381605,0.959526372,0.905553927,0.875483229,0.94669971,0.968137783
0.757338552,0.959741658,0.906309495,0.876329535,0.94720524,0.968568353
0.759295499,0.960172228,0.907065064,0.87717584,0.94771077,0.968998924
0.761252446,0.960172228,0.907820632,0.878022145,0.94835541,0.969644779
0.763209393,0.960818084,0.908576201,0.878868451,0.94908464,0.969644779
0.765166341,0.961248654,0.90933177,0.879714756,0.94981387,0.969644779
0.767123288,0.961679225,0.910087338,0.880561062,0.950023574,0.970290635
0.769080235,0.963401507,0.910842907,0.881407367,0.950664796,0.97050592
0.771037182,0.963401507,0.911598475,0.882253672,0.951383873,0.970936491
0.772994129,0.963616792,0.912354044,0.883099978,0.95210295,0.970936491
0.774951076,0.963616792,0.913109613,0.883946283,0.952822027,0.972012917
0.776908023,0.963832078,0.913865181,0.884792589,0.953509744,0.972012917
0.778864971,0.964477933,0.91462075,0.885638894,0.954423237,0.972012917
0.780821918,0.964477933,0.915376318,0.886485199,0.955476988,0.972443488
0.782778865,0.964477933,0.916131887,0.887331505,0.955834162,0.972658773
0.784735812,0.96555436,0.916887456,0.88817781,0.956191336,0.972658773
0.786692759,0.966200215,0.917643024,0.889024116,0.956927698,0.972874058
0.788649706,0.966630786,0.918398593,0.889870421,0.957222517,0.973304629
0.790606654,0.967061356,0.919154161,0.890716726,0.957386904,0.97416577
0.792563601,0.967707212,0.91990973,0.891563032,0.957551291,0.97416577
0.794520548,0.968353068,0.920665298,0.892409337,0.958277286,0.97459634
0.796477495,0.968998924,0.921420867,0.893255643,0.959040664,0.97459634
0.798434442,0.969214209,0.922176436,0.894101948,0.959652506,0.97459634
0.800391389,0.969644779,0.922932004,0.894948253,0.960369324,0.97459634
0.802348337,0.97007535,0.923687573,0.895794559,0.961181186,0.974811625
0.804305284,0.97007535,0.924443141,0.896640864,0.961993048,0.974811625
0.806262231,0.970290635,0.92519871,0.89748717,0.962804909,0.975242196
0.808219178,0.970721206,0.925954279,0.898333475,0.963616771,0.975888052
0.810176125,0.971151776,0.926709847,0.89917978,0.964428633,0.976964478
0.812133072,0.971497946,0.927465416,0.900026086,0.965240494,0.977395048
0.81409002,0.971797632,0.928220984,0.900872391,0.966052356,0.977395048
0.816046967,0.972228202,0.928976553,0.901718697,0.966666791,0.977395048
0.818003914,0.972658773,0.929732121,0.902565002,0.96719977,0.977610334
0.819960861,0.972874058,0.93048769,0.903411307,0.967562187,0.978256189
0.821917808,0.973304629,0.931243259,0.904257613,0.967926097,0.978256189
0.823874755,0.973304629,0.931998827,0.905103918,0.968298856,0.978256189
0.825831703,0.973519914,0.932754396,0.905950223,0.968698816,0.978256189
0.82778865,0.973735199,0.933509964,0.906796529,0.969098777,0.97868676
0.829745597,0.975026911,0.934265533,0.907642834,0.969444233,0.97868676
0.831702544,0.975457481,0.935021102,0.90848914,0.969761682,0.979511079
0.833659491,0.976103337,0.93577667,0.909335445,0.970301319,0.979763186
0.835616438,0.976318622,0.936532239,0.91018175,0.970648871,0.979763186
0.837573386,0.976964478,0.937287807,0.911028056,0.970996423,0.979978471
0.839530333,0.977179763,0.938043376,0.911874361,0.971336458,0.980839612
0.84148728,0.977825619,0.938798945,0.912720667,0.971557588,0.981054898
0.843444227,0.978040904,0.939554513,0.913566972,0.971675693,0.981054898
0.845401174,0.978256189,0.940310082,0.914413277,0.971887171,0.981270183
0.847358121,0.97911733,0.94106565,0.915259583,0.972139202,0.981916039
0.849315068,0.979547901,0.941821219,0.916105888,0.97248103,0.982346609
0.851272016,0.979978471,0.942576787,0.916952194,0.97290017,0.982346609
0.853228963,0.979978471,0.943332356,0.917798499,0.97331931,0.982346609
0.85518591,0.980409042,0.944087925,0.918644804,0.97373845,0.982561895
0.857142857,0.980409042,0.944843493,0.91949111,0.974146981,0.982992465
0.859099804,0.98072951,0.945599062,0.920337415,0.974516022,0.98320775
0.861056751,0.981270183,0.94635463,0.921183721,0.974885062,0.98320775
0.863013699,0.981485468,0.947110199,0.922030026,0.975254102,0.983423036
0.864970646,0.981485468,0.947865768,0.922876331,0.975623143,0.983853606
0.866927593,0.981700753,0.948621336,0.923722637,0.975992183,0.984068891
0.86888454,0.981916039,0.949376905,0.924568942,0.976361224,0.984499462
0.870841487,0.981916039,0.950132473,0.925415248,0.976730264,0.984930032
0.872798434,0.98277718,0.950888042,0.926261553,0.977099305,0.984930032
0.874755382,0.982992465,0.95164361,0.927107858,0.977468345,0.984930032
0.876712329,0.983423036,0.952399179,0.927954164,0.977837385,0.985575888
0.878669276,0.983853606,0.953154748,0.928800469,0.978593467,0.985791173
0.880626223,0.984284177,0.953910316,0.929646775,0.979355886,0.986006459
0.88258317,0.984714747,0.954665885,0.93049308,0.980118304,0.986221744
0.884540117,0.984930032,0.955421453,0.931339385,0.980880723,0.98729817
0.886497065,0.985145318,0.956177022,0.932342778,0.981101138,0.987513455
0.888454012,0.985145318,0.956932591,0.933805047,0.981303549,0.987944026
0.890410959,0.985791173,0.957688159,0.935267316,0.981548799,0.988374596
0.892367906,0.986221744,0.958443728,0.936729585,0.981874545,0.988374596
0.894324853,0.987082885,0.959199296,0.938191854,0.98220029,0.988589882
0.8962818,0.987593125,0.959954865,0.939654123,0.982526036,0.989020452
0.898238748,0.987944026,0.960710434,0.941096962,0.982851782,0.989451023
0.900195695,0.988408984,0.961466002,0.942506137,0.983222703,0.989451023
0.902152642,0.989235737,0.962221571,0.943915312,0.983646127,0.990096878
0.904109589,0.989235737,0.962977139,0.945324487,0.984069551,0.990312164
0.906066536,0.989235737,0.963732708,0.946733663,0.984469211,0.990742734
0.908023483,0.989666308,0.964488276,0.948142838,0.984697908,0.990742734
0.909980431,0.989881593,0.965243845,0.949552013,0.984926605,0.99138859
0.911937378,0.989881593,0.965999414,0.950961188,0.985153087,0.99138859
0.913894325,0.990096878,0.966754982,0.952370363,0.985307159,0.991603875
0.915851272,0.990742734,0.967510551,0.953779538,0.985461232,0.991603875
0.917808219,0.991023955,0.968266119,0.955188714,0.985615304,0.99181916
0.919765166,0.99181916,0.969021688,0.956247232,0.985769376,0.992249731
0.921722114,0.99181916,0.969777257,0.957134424,0.985923448,0.992680301
0.923679061,0.992034446,0.970532825,0.958021615,0.98607752,0.993326157
0.925636008,0.992249731,0.971288394,0.958908807,0.986231593,0.993541442
0.927592955,0.992512159,0.972043962,0.959795998,0.986385665,0.993972013
0.929549902,0.992895587,0.972799531,0.96068319,0.986539737,0.994402583
0.931506849,0.992895587,0.973555099,0.961570381,0.986693809,0.994402583
0.933463796,0.992895587,0.974310668,0.962457572,0.986847881,0.995339779
0.935420744,0.992895587,0.975066237,0.963344764,0.987001954,0.99547901
0.937377691,0.992991201,0.975821805,0.964231955,0.98745323,0.995694295
0.939334638,0.993326157,0.976577374,0.965119147,0.987983846,0.99590958
0.941291585,0.993326157,0.977332942,0.966006338,0.988514462,0.996124865
0.943248532,0.993326157,0.978088511,0.96689353,0.989181283,0.996555436
0.945205479,0.993326157,0.97884408,0.967780721,0.989489965,0.996986006
0.947162427,0.994402583,0.979599648,0.968667913,0.989752904,0.996986006
0.949119374,0.994617869,0.980355217,0.969555104,0.990104971,0.996986006
0.951076321,0.994833154,0.981110785,0.970442296,0.990591468,0.996986006
0.953033268,0.994833154,0.981866354,0.971329487,0.991077964,0.996986006
0.954990215,0.995048439,0.982621923,0.972216678,0.99156446,0.997631862
0.956947162,0.995263724,0.983377491,0.97310387,0.992050957,0.997847147
0.95890411,0.995263724,0.98413306,0.973991061,0.992510427,0.997847147
0.960861057,0.99547901,0.984888628,0.974878253,0.992852752,0.998062433
0.962818004,0.995694295,0.985644197,0.975765444,0.993195076,0.998062433
0.964774951,0.995694295,0.986399765,0.977048237,0.9935374,0.998062433
0.966731898,0.995694295,0.987155334,0.978394467,0.993774992,0.998062433
0.968688845,0.99590958,0.987910903,0.979740697,0.99406216,0.998277718
0.970645793,0.99630842,0.988666471,0.981086927,0.995368579,0.998277718
0.97260274,0.996986006,0.98942204,0.982433157,0.996022365,0.998708288
0.974559687,0.997416577,0.990177608,0.983779388,0.99616142,0.998708288
0.976516634,0.997416577,0.990933177,0.985125618,0.996300475,0.999138859
0.978473581,0.997761825,0.991688746,0.986471848,0.99643953,0.999138859
0.980430528,0.998277718,0.992444314,0.987818078,0.996578585,0.999354144
0.982387476,0.998708288,0.993199883,0.989164309,0.99669967,0.999354144
0.984344423,0.99897931,0.993955451,0.990510539,0.99669967,0.999354144
0.98630137,0.999354144,0.99471102,0.991856769,0.997274795,0.999354144
0.988258317,0.999354144,0.995466588,0.993202999,0.997983871,0.999354144
0.990215264,0.999569429,0.996222157,0.994428639,0.99852205,0.999354144
0.992172211,0.999569429,0.996977726,0.995570021,0.998731827,0.999354144
0.994129159,0.999784715,0.997733294,0.996548034,0.998821311,0.999354144
0.996086106,0.999784715,0.998488863,0.997639608,0.99883208,0.999354144
0.998043053,0.999784715,0.999244431,0.998732222,0.999245123,0.999569429
1,1,1,1,1,1
