cell_type,gene,pct_exp,avg_exp,avg_exp_scaled
VCT,TP63,28.896882494004792,0.3340532039866401,1.0
VCT,TIMP3,2.7577937649880093,0.022236300765375448,0.06447832273623917
VCT,IFI6,3.597122302158273,0.03013998629536185,0.06443421583413868
VCT,HLA-G,0.5995203836930456,0.0041555586364505105,0.008400880343882084
VCT,PRG2,2.5179856115107913,0.019884192244963638,0.027715123899715473
VCT,ERVW-1,2.997601918465228,0.02175013157100115,0.02942299203719762
VCT,HOPX,1.9184652278177456,0.013297787636641635,0.033160361329551816
VCT,DKK1,0.9592326139088728,0.007135063012695116,0.010997364842750976
VCT,VIM,5.275779376498801,0.040317042894300395,0.05114332427912023
VCT,PGR,2.6378896882494005,0.018770627194756546,0.03397098597491627
VCT,IGF1,2.6378896882494005,0.020574077310795243,0.03010339112930493
VCT,BMP5,1.9184652278177456,0.013783956831015933,0.01560877893571734
VCT,DPPN,3.477218225419664,0.02722297112911606,0.0748665561472232
VCT,ACTA2,0.9592326139088728,0.006648893818320818,0.012775616445299834
VCT,AFF2,51.55875299760192,0.8294668357105043,1.0
VCT,POU5F1,40.40767386091127,0.5811385410320185,1.0
VCT,PAEP,1.9184652278177456,0.013297787636641634,0.0238344480413314
VCT,KRT7,33.573141486810556,0.4335831929937285,0.7200604534964556
VCT,TP73,2.5179856115107913,0.018425684661840743,0.03411358135716577
VCT,PECAM1,6.3549160671462825,0.049099434253663775,0.044684184656615736
VCT,VWF,2.038369304556355,0.014615068558306035,0.012474594855286259
VCT,MECOM,1.079136690647482,0.008452343934359516,0.01179335742258006
VCT,PROX1,2.6378896882494005,0.019601738922046644,0.048827829319656214
VCT,CCL21,1.7985611510791366,0.01343901429810013,0.019399643320758414
VCT,IGHM,2.038369304556355,0.014615068558306037,0.024175168693827204
VCT,BCL11A,2.158273381294964,0.016418518674344733,0.02902187239985497
VCT,CD3D,1.6786570743405276,0.013580240959558622,0.021565315571996663
VCT,GNLY,1.3189448441247003,0.01011456738893972,0.01390799979722421
VCT,NKG7,3.237410071942446,0.02438469341432995,0.031707809955273204
VCT,MS4A7,1.3189448441247003,0.009142229000191125,0.019754670118407203
VCT,CD14,3.597122302158273,0.02639185940182596,0.03810846084084633
VCT,MRC1,3.117505995203837,0.02355358168703985,0.031186874050082358
VCT,LYVE1,0.9592326139088728,0.007135063012695116,0.009624947029158018
VCT,HLA-DRA,2.038369304556355,0.014615068558306035,0.018328896645644695
VCT,CD74,1.6786570743405276,0.013580240959558624,0.018376293913009545
VCT,HBA1,3.357314148681055,0.027004360149746814,0.06414327163003823
VCT,HBB,2.038369304556355,0.01412889936393174,0.020059751697789976
EVT,TP63,1.2544802867383513,0.010148674695584132,0.030380414180939903
EVT,TIMP3,28.673835125448026,0.3448647517761475,1.0
EVT,IFI6,26.523297491039425,0.2896918853969555,0.619312473673502
EVT,HLA-G,37.096774193548384,0.49465751996774765,1.0
EVT,PRG2,2.1505376344086025,0.01884406943379133,0.02626537264870037
EVT,ERVW-1,1.7921146953405016,0.013148632461841609,0.01778711576809998
EVT,HOPX,1.6129032258064515,0.011906433213526295,0.029690775510566147
EVT,DKK1,4.121863799283155,0.03571929964057888,0.055054618210948515
EVT,VIM,4.301075268817205,0.03832138099476752,0.04861176996977073
EVT,PGR,2.867383512544803,0.022570667178737274,0.04084827908081691
EVT,IGF1,2.5089605734767026,0.018117429455102866,0.02650889548560127
EVT,BMP5,2.3297491039426523,0.016875230206787547,0.019109297933550817
EVT,DPPN,1.4336917562724014,0.01066423396521098,0.029327969645079544
EVT,ACTA2,3.942652329749104,0.02732838346293691,0.05251053103457915
EVT,AFF2,45.16129032258064,0.6251024740805516,0.7536196110180845
EVT,POU5F1,2.6881720430107525,0.02132846793042196,0.036701176095713196
EVT,PAEP,2.6881720430107525,0.018632988724729713,0.03339705925146235
EVT,KRT7,43.18996415770609,0.6021483208643713,1.0
EVT,TP73,1.7921146953405016,0.01242199248315314,0.022998258082085967
EVT,PECAM1,3.584229390681003,0.02557062494499475,0.01638257783035075
EVT,VWF,2.867383512544803,0.019875187973045026,0.016964334901835847
EVT,MECOM,3.225806451612903,0.02308622644836412,0.03221167076950119
EVT,PROX1,2.867383512544803,0.02132846793042196,0.05312910226475296
EVT,CCL21,1.971326164874552,0.013664191731468454,0.01972469408670982
EVT,IGHM,3.584229390681003,0.02753946417199853,0.04555375087291695
EVT,BCL11A,0.5376344086021506,0.003726597744945942,0.006587247387208323
EVT,CD3D,2.1505376344086025,0.016359670937160703,0.02597902846234619
EVT,GNLY,3.046594982078853,0.021844027200048806,0.03003655165727123
EVT,NKG7,3.942652329749104,0.03311924071180207,0.04306548261687969
EVT,MS4A7,2.1505376344086025,0.016875230206787547,0.0364642589788879
EVT,CD14,2.1505376344086025,0.015633030958472238,0.022573276821240554
EVT,MRC1,4.121863799283155,0.029297222689940693,0.03879192583908139
EVT,LYVE1,1.971326164874552,0.01439083171015692,0.019412721747424106
EVT,HLA-DRA,4.301075268817205,0.03614146105870212,0.04532535045763229
EVT,CD74,3.046594982078853,0.02329730715742574,0.031525078603644355
EVT,HBA1,3.225806451612903,0.02308622644836412,0.05483655549616406
EVT,HBB,0.8960573476702508,0.00621099624157657,0.008818170417434556
SCT,TP63,1.1764705882352942,0.008154672712469944,0.024411299203692345
SCT,TIMP3,4.705882352941177,0.03500377972110428,0.10150002150357573
SCT,IFI6,34.705882352941174,0.4677636858799641,1.0
SCT,HLA-G,1.7647058823529411,0.012232009068704915,0.02472823837693291
SCT,PRG2,45.88235294117647,0.7174491558079512,1.0
SCT,ERVW-1,51.76470588235295,0.739222290632572,1.0
SCT,HOPX,32.35294117647059,0.40101455784774354,1.0
SCT,DKK1,1.1764705882352942,0.008154672712469944,0.01256890245155425
SCT,VIM,7.0588235294117645,0.05539046150227913,0.07026438774312155
SCT,PGR,4.117647058823529,0.0333115322360938,0.060287042231142174
SCT,IGF1,3.5294117647058822,0.02446401813740983,0.03579503933323133
SCT,BMP5,1.1764705882352942,0.008154672712469944,0.00923424857045845
SCT,DPPN,2.3529411764705883,0.016309345424939888,0.044852728204776496
SCT,ACTA2,0.0,0.0,0.0
SCT,AFF2,1.7647058823529411,0.016309345424939888,0.019662444262728885
SCT,POU5F1,5.294117647058823,0.03669602720611475,0.06314505856202186
SCT,PAEP,5.294117647058823,0.043158452433574225,0.07735556621748593
SCT,KRT7,40.588235294117645,0.5023530563838328,0.8342679685010421
SCT,TP73,3.5294117647058822,0.02684910700863433,0.049708828361919644
SCT,PECAM1,4.705882352941177,0.03977395746355327,0.03346704340145135
SCT,VWF,2.3529411764705883,0.016309345424939888,0.013920733640035887
SCT,MECOM,1.7647058823529411,0.012232009068704915,0.017067035613288598
SCT,PROX1,1.7647058823529411,0.012232009068704915,0.030469870730267315
SCT,CCL21,1.7647058823529411,0.012232009068704915,0.017657292995268574
SCT,IGHM,3.5294117647058822,0.02923419587985883,0.04835705109452394
SCT,BCL11A,2.3529411764705883,0.016309345424939888,0.028828894447547014
SCT,CD3D,1.7647058823529411,0.012232009068704915,0.019424333959293754
SCT,GNLY,4.117647058823529,0.033311532236093795,0.04580490353857697
SCT,NKG7,5.294117647058823,0.0472357887898092,0.06142145765730759
SCT,MS4A7,0.5882352941176471,0.004077336356234972,0.008810371592915298
SCT,CD14,3.5294117647058822,0.028541354493644804,0.04121221902199602
SCT,MRC1,3.5294117647058822,0.02446401813740983,0.0323923665855941
SCT,LYVE1,1.7647058823529411,0.012232009068704915,0.016500546545558034
SCT,HLA-DRA,2.3529411764705883,0.018694434296164384,0.023444868061768938
SCT,CD74,1.1764705882352942,0.010539761583694442,0.014262026514241683
SCT,HBA1,0.0,0.0,0.0
SCT,HBB,3.5294117647058822,0.02684910700863433,0.03811948871796064
DSC,TP63,3.8461538461538463,0.02665950694461328,0.07980617047360959
DSC,TIMP3,0.0,0.0,0.0
DSC,IFI6,7.6923076923076925,0.06891382573954058,0.1473261559624896
DSC,HLA-G,0.0,0.0,0.0
DSC,PRG2,0.0,0.0,0.0
DSC,ERVW-1,3.8461538461538463,0.02665950694461328,0.036064262783255675
DSC,HOPX,0.0,0.0,0.0
DSC,DKK1,34.61538461538461,0.3868234474926302,0.5962159793456832
DSC,VIM,34.61538461538461,0.4345288493578921,0.5512122977274544
DSC,PGR,46.15384615384615,0.49939034757213163,0.903794120322226
DSC,IGF1,7.6923076923076925,0.05331901388922656,0.07801482931601701
DSC,BMP5,0.0,0.0,0.0
DSC,DPPN,0.0,0.0,0.0
DSC,ACTA2,0.0,0.0,0.0
DSC,AFF2,3.8461538461538463,0.0422543187949273,0.050941540970391073
DSC,POU5F1,3.8461538461538463,0.02665950694461328,0.04587461519463127
DSC,PAEP,0.0,0.0,0.0
DSC,KRT7,3.8461538461538463,0.02665950694461328,0.04427398702423369
DSC,TP73,11.538461538461538,0.07997852083383984,0.14807340011312276
DSC,PECAM1,3.8461538461538463,0.02665950694461328,0.017692338550883535
DSC,VWF,0.0,0.0,0.0
DSC,MECOM,0.0,0.0,0.0
DSC,PROX1,0.0,0.0,0.0
DSC,CCL21,7.6923076923076925,0.05331901388922656,0.07696768741527328
DSC,IGHM,3.8461538461538463,0.02665950694461328,0.04409819051543228
DSC,BCL11A,3.8461538461538463,0.02665950694461328,0.04712415438541339
DSC,CD3D,0.0,0.0,0.0
DSC,GNLY,0.0,0.0,0.0
DSC,NKG7,0.0,0.0,0.0
DSC,MS4A7,3.8461538461538463,0.02665950694461328,0.05760627579983079
DSC,CD14,3.8461538461538463,0.02665950694461328,0.03849492985571057
DSC,MRC1,0.0,0.0,0.0
DSC,LYVE1,3.8461538461538463,0.02665950694461328,0.03596272965057521
DSC,HLA-DRA,0.0,0.0,0.0
DSC,CD74,0.0,0.0,0.0
DSC,HBA1,3.8461538461538463,0.02665950694461328,0.06332414417481588
DSC,HBB,3.8461538461538463,0.02665950694461328,0.03785030071483448
eS,TP63,0.9881422924901186,0.008184804511818182,0.024501499803443044
eS,TIMP3,3.0303030303030303,0.023063707598792105,0.06687754396472159
eS,IFI6,2.766798418972332,0.020435918371806416,0.043688552550551374
eS,HLA-G,3.557312252964427,0.02698376198126096,0.05455039273034874
eS,PRG2,3.4255599472990776,0.024881998904616363,0.03468120173142534
eS,ERVW-1,1.185770750988142,0.008486241342679302,0.011479958667665989
eS,HOPX,2.371541501976284,0.018575111571161623,0.04632029238752521
eS,DKK1,41.63372859025033,0.6487975178343078,1.0
eS,VIM,43.41238471673255,0.6358301106076415,0.8065687163239994
eS,PGR,40.909090909090914,0.5525487899767328,1.0
eS,IGF1,40.64558629776021,0.5790992305649176,0.8473211399486779
eS,BMP5,2.30566534914361,0.01750669231395961,0.019824357662623148
eS,DPPN,2.371541501976284,0.017429101381379646,0.04793219634168102
eS,ACTA2,2.503293807641634,0.01879895746944278,0.0361215379224931
eS,AFF2,2.1080368906455864,0.01568021752987543,0.018903971629491464
eS,POU5F1,2.766798418972332,0.020780614118686883,0.03575845112902597
eS,PAEP,39.789196310935445,0.5579230370085304,1.0
eS,KRT7,4.0184453227931485,0.031817053755771915,0.052839230225036914
eS,TP73,3.491436100131752,0.027517971609861972,0.05094717404131585
eS,PECAM1,3.0961791831357046,0.022796602784491603,0.013045847803600944
eS,VWF,2.5691699604743086,0.01941075803062375,0.016567923804121445
eS,MECOM,2.898550724637681,0.022564573407950525,0.0314838205064322
eS,PROX1,1.7786561264822136,0.012328704792568198,0.030710739273589593
eS,CCL21,2.1080368906455864,0.015335521782994967,0.022137312017733436
eS,IGHM,1.3175230566534915,0.009856097430742434,0.016303229581196867
eS,BCL11A,1.844532279314888,0.01358663793149075,0.024016153966855417
eS,CD3D,3.1620553359683794,0.023253221480512645,0.03692593237381592
eS,GNLY,1.0540184453227932,0.007573003950637212,0.01041323206022768
eS,NKG7,2.898550724637681,0.021426746696428467,0.027861544152565688
eS,MS4A7,3.293807641633729,0.024890182382876283,0.053783091864186755
eS,CD14,4.0184453227931485,0.030447197667708776,0.043964156612364746
eS,MRC1,0.9881422924901186,0.006849280440315665,0.009069009090169628
eS,LYVE1,2.503293807641634,0.01887654840202274,0.025463794522843104
eS,HLA-DRA,2.8326745718050064,0.02222806113932998,0.02787642313345892
eS,CD74,2.8326745718050064,0.02215047020675002,0.029973220066032546
eS,HBA1,1.5810276679841897,0.01149305833310607,0.027299382708284935
eS,HBB,2.371541501976284,0.0169724826853586,0.024096978794574
FB,TP63,3.428571428571429,0.02608198966553049,0.07807735221295346
FB,TIMP3,2.857142857142857,0.019804205158855576,0.05742600557713863
FB,IFI6,4.0,0.02772588722239781,0.059273278493689505
FB,HLA-G,3.428571428571429,0.02839893314043429,0.05741130376889032
FB,PRG2,2.2857142857142856,0.022121148633759375,0.0308330540982347
FB,ERVW-1,2.2857142857142856,0.015843364127084463,0.021432476168334803
FB,HOPX,1.7142857142857144,0.011882523095313346,0.029631151445192374
FB,DKK1,2.857142857142857,0.01980420515885558,0.030524477382346038
FB,VIM,34.85714285714286,0.4530713530328139,0.5747339950126332
FB,PGR,4.0,0.03004283069730161,0.054371362750729534
FB,IGF1,48.0,0.6834471645543904,1.0
FB,BMP5,54.85714285714286,0.8830900154190989,1.0
FB,DPPN,2.857142857142857,0.019804205158855576,0.05446402710580003
FB,ACTA2,32.0,0.4042329462938553,0.7767194389800071
FB,AFF2,0.5714285714285714,0.003960841031771116,0.004775165035234158
FB,POU5F1,2.857142857142857,0.019804205158855576,0.03407828557315465
FB,PAEP,0.5714285714285714,0.003960841031771116,0.007099260595167997
FB,KRT7,5.142857142857142,0.03564756928594004,0.05920064550668962
FB,TP73,4.0,0.02772588722239781,0.05133211203921588
FB,PECAM1,5.142857142857142,0.037964512760843845,0.03129055449042592
FB,VWF,2.857142857142857,0.022121148633759375,0.018881359730802502
FB,MECOM,1.7142857142857144,0.011882523095313346,0.016579406024337495
FB,PROX1,3.428571428571429,0.023765046190626693,0.05919860599023364
FB,CCL21,1.1428571428571428,0.007921682063542232,0.011435199273126317
FB,IGHM,1.7142857142857144,0.011882523095313346,0.019655193486878386
FB,BCL11A,2.857142857142857,0.01980420515885558,0.03500651468630709
FB,CD3D,1.1428571428571428,0.010238625538446029,0.016258856629836203
FB,GNLY,1.1428571428571428,0.010238625538446029,0.014078585513036876
FB,NKG7,5.714285714285714,0.03960841031771115,0.05150345446813883
FB,MS4A7,1.7142857142857144,0.014199466570217145,0.0306824274415054
FB,CD14,0.5714285714285714,0.003960841031771116,0.005719246721419856
FB,MRC1,2.2857142857142856,0.02047725107689206,0.027113559997473415
FB,LYVE1,0.0,0.0,0.0
FB,HLA-DRA,2.857142857142857,0.02927979416801862,0.03672006867229955
FB,CD74,3.428571428571429,0.023765046190626693,0.03215800625008923
FB,HBA1,5.142857142857142,0.042598399710651436,0.10118368694882315
FB,HBB,1.7142857142857144,0.016516410045120944,0.02344946169620201
PV,TP63,0.0,0.0,0.0
PV,TIMP3,0.0,0.0,0.0
PV,IFI6,0.0,0.0,0.0
PV,HLA-G,3.8461538461538463,0.02665950694461328,0.05389487851382815
PV,PRG2,0.0,0.0,0.0
PV,ERVW-1,0.0,0.0,0.0
PV,HOPX,11.538461538461538,0.07997852083383984,0.19944044241956407
PV,DKK1,0.0,0.0,0.0
PV,VIM,57.692307692307686,0.7883148673376367,1.0
PV,PGR,0.0,0.0,0.0
PV,IGF1,0.0,0.0,0.0
PV,BMP5,19.230769230769234,0.2107938047439227,0.23870024693222658
PV,DPPN,0.0,0.0,0.0
PV,ACTA2,38.46153846153847,0.5204362424927804,1.0
PV,AFF2,3.8461538461538463,0.02665950694461328,0.03214053389099914
PV,POU5F1,3.8461538461538463,0.02665950694461328,0.04587461519463127
PV,PAEP,0.0,0.0,0.0
PV,KRT7,0.0,0.0,0.0
PV,TP73,0.0,0.0,0.0
PV,PECAM1,11.538461538461538,0.07997852083383984,0.08182706579783636
PV,VWF,3.8461538461538463,0.02665950694461328,0.022755045373135583
PV,MECOM,0.0,0.0,0.0
PV,PROX1,0.0,0.0,0.0
PV,CCL21,0.0,0.0,0.0
PV,IGHM,0.0,0.0,0.0
PV,BCL11A,0.0,0.0,0.0
PV,CD3D,0.0,0.0,0.0
PV,GNLY,0.0,0.0,0.0
PV,NKG7,0.0,0.0,0.0
PV,MS4A7,7.6923076923076925,0.06891382573954058,0.14891006274876326
PV,CD14,0.0,0.0,0.0
PV,MRC1,0.0,0.0,0.0
PV,LYVE1,3.8461538461538463,0.02665950694461328,0.03596272965057521
PV,HLA-DRA,7.6923076923076925,0.06891382573954058,0.08642548506679125
PV,CD74,7.6923076923076925,0.06891382573954058,0.09325171182388793
PV,HBA1,0.0,0.0,0.0
PV,HBB,0.0,0.0,0.0
eEpi,TP63,1.2254901960784315,0.008494450742156191,0.025428436670512856
eEpi,TIMP3,1.2254901960784315,0.008494450742156191,0.02463125239215505
eEpi,IFI6,1.715686274509804,0.012886018068695543,0.02754813692827431
eEpi,HLA-G,2.941176470588235,0.0220855719296061,0.044648208180573315
eEpi,PRG2,3.431372549019608,0.02477824910771421,0.034536592463908236
eEpi,ERVW-1,1.2254901960784315,0.009488237771833066,0.01283543244307978
eEpi,HOPX,1.9607843137254901,0.014584908217126782,0.036370021815178975
eEpi,DKK1,1.9607843137254901,0.013591121187449907,0.02094817075259042
eEpi,VIM,2.450980392156863,0.01868779163274362,0.023705999223200755
eEpi,PGR,2.941176470588235,0.02336804287020548,0.04229136556644976
eEpi,IGF1,1.715686274509804,0.013879805098372415,0.02030852685945678
eEpi,BMP5,1.4705882352941175,0.01019334089058743,0.011542810713073061
eEpi,DPPN,1.715686274509804,0.012886018068695543,0.03543815223836124
eEpi,ACTA2,2.941176470588235,0.021380468810851733,0.041081821489686754
eEpi,AFF2,1.2254901960784315,0.008494450742156191,0.01024085638683796
eEpi,POU5F1,0.9803921568627451,0.006795560593724954,0.011693529363337382
eEpi,PAEP,1.2254901960784315,0.008494450742156193,0.015225129952872543
eEpi,KRT7,2.696078431372549,0.01868779163274362,0.03103519678659518
eEpi,TP73,1.715686274509804,0.011892231039018668,0.022017450016820535
eEpi,PECAM1,4.411764705882353,0.034266486879547274,0.02684238743051242
eEpi,VWF,3.431372549019608,0.026765823167067958,0.022845790879827913
eEpi,MECOM,4.166666666666666,0.033850067671715424,0.04723020619265804
eEpi,PROX1,1.2254901960784315,0.008494450742156193,0.02115963245157453
eEpi,CCL21,1.4705882352941175,0.011187127920264304,0.016148973921956935
eEpi,IGHM,3.431372549019608,0.027470926285822324,0.045440380555588786
eEpi,BCL11A,2.696078431372549,0.01868779163274362,0.03303310822114762
eEpi,CD3D,1.9607843137254901,0.014584908217126782,0.023160719255836307
eEpi,GNLY,0.9803921568627451,0.006795560593724954,0.009344211346389472
eEpi,NKG7,5.147058823529411,0.040356944354517865,0.0524767853434072
eEpi,MS4A7,2.2058823529411766,0.015290011335881143,0.03303889347343236
eEpi,CD14,2.2058823529411766,0.01628379836555802,0.02351295082722256
eEpi,MRC1,1.4705882352941175,0.011187127920264304,0.014812674949704873
eEpi,LYVE1,1.715686274509804,0.012886018068695543,0.01738278149853635
eEpi,HLA-DRA,5.147058823529411,0.03667048014673288,0.04598879833332346
eEpi,CD74,1.715686274509804,0.013591121187449907,0.018391016646292863
eEpi,HBA1,1.2254901960784315,0.008494450742156191,0.020176810643936432
eEpi,HBB,1.715686274509804,0.011892231039018668,0.016884202769852634
Cili,TP63,2.5,0.01732867951399863,0.05187401080784623
Cili,TIMP3,0.0,0.0,0.0
Cili,IFI6,0.0,0.0,0.0
Cili,HLA-G,2.5,0.01732867951399863,0.03503167103398829
Cili,PRG2,0.0,0.0,0.0
Cili,ERVW-1,2.5,0.01732867951399863,0.023441770809116188
Cili,HOPX,2.5,0.01732867951399863,0.043212095857572214
Cili,DKK1,2.5,0.027465307216702744,0.042332633004488356
Cili,VIM,2.5,0.03465735902799726,0.04396385310484504
Cili,PGR,2.5,0.01732867951399863,0.03136135636950417
Cili,IGF1,5.0,0.044793986730701375,0.0655412576916713
Cili,BMP5,5.0,0.03465735902799726,0.03924555642444841
Cili,DPPN,30.0,0.3636199196285023,1.0
Cili,ACTA2,2.5,0.01732867951399863,0.03329645036056269
Cili,AFF2,2.5,0.01732867951399863,0.02089134702914944
Cili,POU5F1,0.0,0.0,0.0
Cili,PAEP,0.0,0.0,0.0
Cili,KRT7,7.5,0.05198603854199589,0.08633427469725569
Cili,TP73,40.0,0.5401275365645628,1.0
Cili,PECAM1,12.5,0.09678002527269727,0.10203674009457567
Cili,VWF,0.0,0.0,0.0
Cili,MECOM,0.0,0.0,0.0
Cili,PROX1,5.0,0.044793986730701375,0.11158158708937974
Cili,CCL21,0.0,0.0,0.0
Cili,IGHM,0.0,0.0,0.0
Cili,BCL11A,0.0,0.0,0.0
Cili,CD3D,2.5,0.01732867951399863,0.02751780644233282
Cili,GNLY,0.0,0.0,0.0
Cili,NKG7,12.5,0.10691665297540139,0.13902544748033183
Cili,MS4A7,0.0,0.0,0.0
Cili,CD14,0.0,0.0,0.0
Cili,MRC1,2.5,0.01732867951399863,0.02294459299812916
Cili,LYVE1,0.0,0.0,0.0
Cili,HLA-DRA,15.0,0.12424533248940002,0.15581725455593232
Cili,CD74,2.5,0.01732867951399863,0.023448546224023398
Cili,HBA1,2.5,0.027465307216702744,0.06523815603977311
Cili,HBB,2.5,0.01732867951399863,0.02460269546464241
mVEC,TP63,0.0,0.0,0.0
mVEC,TIMP3,0.0,0.0,0.0
mVEC,IFI6,0.0,0.0,0.0
mVEC,HLA-G,0.0,0.0,0.0
mVEC,PRG2,0.0,0.0,0.0
mVEC,ERVW-1,0.0,0.0,0.0
mVEC,HOPX,0.0,0.0,0.0
mVEC,DKK1,0.0,0.0,0.0
mVEC,VIM,0.0,0.0,0.0
mVEC,PGR,0.0,0.0,0.0
mVEC,IGF1,0.0,0.0,0.0
mVEC,BMP5,0.0,0.0,0.0
mVEC,DPPN,0.0,0.0,0.0
mVEC,ACTA2,0.0,0.0,0.0
mVEC,AFF2,0.0,0.0,0.0
mVEC,POU5F1,0.0,0.0,0.0
mVEC,PAEP,0.0,0.0,0.0
mVEC,KRT7,0.0,0.0,0.0
mVEC,TP73,0.0,0.0,0.0
mVEC,PECAM1,20.0,0.2772588722239781,0.3191255566115617
mVEC,VWF,60.0,1.171586630896692,1.0
mVEC,MECOM,60.0,0.716703787691222,1.0
mVEC,PROX1,0.0,0.0,0.0
mVEC,CCL21,0.0,0.0,0.0
mVEC,IGHM,0.0,0.0,0.0
mVEC,BCL11A,0.0,0.0,0.0
mVEC,CD3D,0.0,0.0,0.0
mVEC,GNLY,0.0,0.0,0.0
mVEC,NKG7,20.0,0.13862943611198905,0.18026209063848594
mVEC,MS4A7,0.0,0.0,0.0
mVEC,CD14,0.0,0.0,0.0
mVEC,MRC1,0.0,0.0,0.0
mVEC,LYVE1,0.0,0.0,0.0
mVEC,HLA-DRA,0.0,0.0,0.0
mVEC,CD74,0.0,0.0,0.0
mVEC,HBA1,0.0,0.0,0.0
mVEC,HBB,0.0,0.0,0.0
fVEC,TP63,1.1254019292604502,0.00780069174263604,0.023351644736651037
fVEC,TIMP3,3.054662379421222,0.024243310185728936,0.07029802280711286
fVEC,IFI6,3.215434083601286,0.022939563857406864,0.0490409250437058
fVEC,HLA-G,0.6430868167202572,0.0044575381386491655,0.00901136232385551
fVEC,PRG2,2.4115755627009645,0.016715768019934373,0.023298888687254788
fVEC,ERVW-1,2.8938906752411575,0.022477052486905607,0.030406351068866442
fVEC,HOPX,1.929260450160772,0.013372614415947497,0.033346955002628076
fVEC,DKK1,0.964630225080386,0.0073381803721347845,0.011310432254164133
fVEC,VIM,3.697749196141479,0.02628271746139374,0.033340380285047704
fVEC,PGR,2.8938906752411575,0.02071079478808228,0.0374822914533111
fVEC,IGF1,1.4469453376205788,0.010029460811960622,0.014674815160729889
fVEC,BMP5,5.144694533762058,0.03761592460167643,0.042595798780291474
fVEC,DPPN,0.8038585209003215,0.005571922673311458,0.015323480295040203
fVEC,ACTA2,2.572347266881029,0.020248283417581028,0.0389063669366991
fVEC,AFF2,1.7684887459807075,0.01291010304544624,0.015564339030369684
fVEC,POU5F1,3.215434083601286,0.0235914370215679,0.04059520296085147
fVEC,PAEP,1.7684887459807075,0.012910103045446243,0.023139576947149527
fVEC,KRT7,2.8938906752411575,0.020058921623921245,0.03331226033334625
fVEC,TP73,1.607717041800643,0.011143845346622914,0.020631877829266832
fVEC,PECAM1,52.2508038585209,0.8433102996208633,1.0
fVEC,VWF,39.067524115755624,0.6039864471796821,0.5155286269504558
fVEC,MECOM,43.729903536977496,0.592641964072179,0.8268994447222139
fVEC,PROX1,2.090032154340836,0.014486998950609788,0.036087038753424845
fVEC,CCL21,2.090032154340836,0.014486998950609788,0.020912442400612838
fVEC,IGHM,1.607717041800643,0.011143845346622914,0.01843332722510031
fVEC,BCL11A,3.054662379421222,0.022477052486905607,0.03973112082389807
fVEC,CD3D,2.2508038585209005,0.016905129813594152,0.026845212857517363
fVEC,GNLY,2.2508038585209005,0.01625325664943312,0.022348982560710884
fVEC,NKG7,4.823151125401929,0.036690901860673926,0.047709771187943256
fVEC,MS4A7,3.215434083601286,0.022939563857406864,0.04956816512184671
fVEC,CD14,1.7684887459807075,0.012258229881285205,0.017700241059056626
fVEC,MRC1,2.572347266881029,0.019133898882918735,0.025334851509099424
fVEC,LYVE1,1.7684887459807075,0.012258229881285205,0.016535917492065125
fVEC,HLA-DRA,3.215434083601286,0.02340207522790812,0.0293487653810668
fVEC,CD74,3.054662379421222,0.022939563857406864,0.031040993229450052
fVEC,HBA1,3.054662379421222,0.024053948392069157,0.057135178798223774
fVEC,HBB,2.090032154340836,0.017094491607253934,0.024270203092878744
LEC,TP63,0.7079646017699115,0.005146449129691745,0.015406076242566345
LEC,TIMP3,2.949852507374631,0.021944253800769368,0.0636314778119552
LEC,IFI6,2.7728613569321534,0.02171237026796134,0.04641739178003034
LEC,HLA-G,1.5339233038348081,0.011110771038805253,0.022461542765042145
LEC,PRG2,3.1268436578171093,0.02337886273013172,0.03258608995616386
LEC,ERVW-1,2.5368731563421827,0.01895005095992345,0.02563511842115501
LEC,HOPX,2.1238938053097343,0.015369858872463798,0.038327433684588075
LEC,DKK1,1.5339233038348081,0.011589195945127572,0.01786257750154843
LEC,VIM,4.601769911504425,0.03462861080215985,0.0439273851565308
LEC,PGR,2.0648967551622417,0.015269623452525511,0.02763488714393619
LEC,IGF1,2.713864306784661,0.02048556109882869,0.029973876784148104
LEC,BMP5,1.415929203539823,0.010053685806222332,0.011384667056224195
LEC,DPPN,3.5398230088495577,0.02702854333420281,0.07433185553150366
LEC,ACTA2,2.47787610619469,0.01789296572734053,0.03438070654272073
LEC,AFF2,3.7168141592920354,0.028085628566785727,0.03385985714875285
LEC,POU5F1,1.0619469026548671,0.007839279921118197,0.013489519912406366
LEC,PAEP,1.8289085545722714,0.013155452987359666,0.023579332837547852
LEC,KRT7,5.014749262536873,0.03892644024910297,0.0646459334026289
LEC,TP73,2.47787610619469,0.018371390633662846,0.03401306060141384
LEC,PECAM1,47.905604719764014,0.7513835149818376,0.8894259509044569
LEC,VWF,2.7728613569321534,0.020655285035378414,0.017630181576559618
LEC,MECOM,1.4749262536873156,0.010462622195933214,0.014598251572853181
LEC,PROX1,32.56637168141593,0.4014460440934599,1.0
LEC,CCL21,47.13864306784661,0.6927454322688414,1.0
LEC,IGHM,1.6519174041297935,0.012167856271388177,0.020127170586269706
LEC,BCL11A,2.005899705014749,0.014382262156492314,0.025422523517861846
LEC,CD3D,2.005899705014749,0.01414304970333115,0.022459051419709344
LEC,GNLY,2.005899705014749,0.014143049703331153,0.019447350029142593
LEC,NKG7,3.5398230088495577,0.026858819397653083,0.03492495585707534
LEC,MS4A7,2.6548672566371683,0.02024634864566753,0.043748623950358397
LEC,CD14,3.421828908554572,0.026040946618231323,0.03760176118514706
LEC,MRC1,2.0648967551622417,0.015030410999364351,0.019901496977679404
LEC,LYVE1,2.359882005899705,0.017792730307402242,0.024001762340169368
LEC,HLA-DRA,5.604719764011799,0.04496025067482792,0.056385078488931324
LEC,CD74,1.9469026548672566,0.014451750673103747,0.019555589530211057
LEC,HBA1,0.7079646017699115,0.004907236676530586,0.011656125653417436
LEC,HBB,3.1268436578171093,0.022869690920482546,0.032469643208104755
B,TP63,3.0303030303030303,0.02100446001696804,0.06287758885799544
B,TIMP3,1.5151515151515151,0.01050223000848402,0.030453184775755343
B,IFI6,1.5151515151515151,0.01050223000848402,0.022451999429427848
B,HLA-G,3.0303030303030303,0.02100446001696804,0.04246263155634945
B,PRG2,3.0303030303030303,0.02100446001696804,0.029276583360550463
B,ERVW-1,0.0,0.0,0.0
B,HOPX,1.5151515151515151,0.01050223000848402,0.026189149004589223
B,DKK1,0.0,0.0,0.0
B,VIM,4.545454545454546,0.04200892003393608,0.05328951891496369
B,PGR,7.575757575757576,0.0525111500424201,0.09503441324092174
B,IGF1,1.5151515151515151,0.01050223000848402,0.015366557289518504
B,BMP5,1.5151515151515151,0.01050223000848402,0.011892592855893459
B,DPPN,3.0303030303030303,0.02100446001696804,0.05776487723342428
B,ACTA2,0.0,0.0,0.0
B,AFF2,0.0,0.0,0.0
B,POU5F1,0.0,0.0,0.0
B,PAEP,1.5151515151515151,0.01050223000848402,0.018823797032642416
B,KRT7,12.121212121212121,0.09016125079678373,0.14973262844503019
B,TP73,6.0606060606060606,0.04200892003393608,0.07777592733214528
B,PECAM1,6.0606060606060606,0.04200892003393608,0.03615536609167298
B,VWF,3.0303030303030303,0.02100446001696804,0.017928217566712888
B,MECOM,0.0,0.0,0.0
B,PROX1,0.0,0.0,0.0
B,CCL21,3.0303030303030303,0.02100446001696804,0.030320604133289478
B,IGHM,40.909090909090914,0.6045487724781748,1.0
B,BCL11A,40.909090909090914,0.5657291317436425,1.0
B,CD3D,1.5151515151515151,0.01050223000848402,0.01667745844989868
B,GNLY,1.5151515151515151,0.01050223000848402,0.01444105389896555
B,NKG7,6.0606060606060606,0.04200892003393608,0.05462487595105635
B,MS4A7,3.0303030303030303,0.02100446001696804,0.04538676275138184
B,CD14,1.5151515151515151,0.01050223000848402,0.015164669337098105
B,MRC1,1.5151515151515151,0.01050223000848402,0.013905813938260098
B,LYVE1,0.0,0.0,0.0
B,HLA-DRA,0.0,0.0,0.0
B,CD74,34.84848484848485,0.5735340418122213,0.7760856492048747
B,HBA1,1.5151515151515151,0.01050223000848402,0.024945874977957777
B,HBB,1.5151515151515151,0.01050223000848402,0.014910724524025705
T,TP63,0.0,0.0,0.0
T,TIMP3,5.172413793103448,0.04284321809979311,0.12423194275187259
T,IFI6,3.4482758620689653,0.02390162691586018,0.05109765387387027
T,HLA-G,5.172413793103448,0.03585244037379027,0.07247931938066543
T,PRG2,3.4482758620689653,0.02390162691586018,0.033314732789591905
T,ERVW-1,1.7241379310344827,0.01195081345793009,0.016166738489045648
T,HOPX,0.0,0.0,0.0
T,DKK1,1.7241379310344827,0.01195081345793009,0.018419943247967436
T,VIM,8.620689655172415,0.06674484501565328,0.08466774861302513
T,PGR,5.172413793103448,0.03585244037379027,0.06488556490242241
T,IGF1,1.7241379310344827,0.01894159118393293,0.027714784940666048
T,BMP5,1.7241379310344827,0.01195081345793009,0.013532950491189107
T,DPPN,0.0,0.0,0.0
T,ACTA2,3.4482758620689653,0.02390162691586018,0.04592613842836234
T,AFF2,0.0,0.0,0.0
T,POU5F1,0.0,0.0,0.0
T,PAEP,1.7241379310344827,0.01195081345793009,0.021420182830248265
T,KRT7,8.620689655172415,0.05975406728965045,0.09923479850259274
T,TP73,8.620689655172415,0.05975406728965045,0.11062955180865491
T,PECAM1,1.7241379310344827,0.01195081345793009,0.0
T,VWF,6.896551724137931,0.06178480928372603,0.05273601426847801
T,MECOM,0.0,0.0,0.0
T,PROX1,0.0,0.0,0.0
T,CCL21,3.4482758620689653,0.02390162691586018,0.0345027564275363
T,IGHM,5.172413793103448,0.04983399582579594,0.0824317211356095
T,BCL11A,1.7241379310344827,0.01195081345793009,0.02112462093139221
T,CD3D,44.827586206896555,0.6297260484883909,1.0
T,GNLY,0.0,0.0,0.0
T,NKG7,44.827586206896555,0.7690437607872261,1.0
T,MS4A7,1.7241379310344827,0.01195081345793009,0.025823502944751733
T,CD14,3.4482758620689653,0.02390162691586018,0.034512695732706024
T,MRC1,0.0,0.0,0.0
T,LYVE1,3.4482758620689653,0.02390162691586018,0.0322424472729295
T,HLA-DRA,6.896551724137931,0.054794031557723194,0.06871771673277102
T,CD74,3.4482758620689653,0.02390162691586018,0.03234282237796331
T,HBA1,0.0,0.0,0.0
T,HBB,1.7241379310344827,0.01195081345793009,0.01696737618251201
dNK,TP63,2.941176470588235,0.02157922621678711,0.06459817166624192
dNK,TIMP3,2.3529411764705883,0.01750188986055214,0.050750010751787866
dNK,IFI6,0.8823529411764706,0.006116004534352458,0.013074987903019744
dNK,HLA-G,0.5882352941176471,0.004077336356234972,0.008242746125644304
dNK,PRG2,1.7647058823529411,0.012232009068704915,0.017049304427614678
dNK,ERVW-1,3.823529411764706,0.027695230751139572,0.03746536204615804
dNK,HOPX,2.0588235294117645,0.014270677246822402,0.03558643188270653
dNK,DKK1,4.411764705882353,0.03296511154298679,0.05080955249801917
dNK,VIM,4.411764705882353,0.03446753984818088,0.04372306203558935
dNK,PGR,3.823529411764706,0.030080319622364064,0.05443921001732844
dNK,IGF1,1.7647058823529411,0.014617097939929415,0.021387312286912197
dNK,BMP5,0.8823529411764706,0.006116004534352458,0.006925686427843836
dNK,DPPN,2.0588235294117645,0.0166557661180469,0.04580542819288754
dNK,ACTA2,2.0588235294117645,0.015463221682434651,0.029712038516704876
dNK,AFF2,2.941176470588235,0.022425349959292344,0.027035860861252214
dNK,POU5F1,2.3529411764705883,0.018694434296164384,0.03216863617919018
dNK,PAEP,0.8823529411764706,0.006116004534352458,0.01096209356606823
dNK,KRT7,5.0,0.035849903463609514,0.0595366660030667
dNK,TP73,2.3529411764705883,0.01750188986055214,0.03240325418672687
dNK,PECAM1,5.0,0.040620081206058506,0.03448480257373246
dNK,VWF,1.1764705882352942,0.008154672712469944,0.006960366820017943
dNK,MECOM,2.0588235294117645,0.015463221682434651,0.021575470854211087
dNK,PROX1,2.0588235294117645,0.019350738858853238,0.048202589472642124
dNK,CCL21,1.7647058823529411,0.012232009068704915,0.017657292995268574
dNK,IGHM,0.5882352941176471,0.004077336356234972,0.006744429137654349
dNK,BCL11A,3.823529411764706,0.028887775186751813,0.051062909024529736
dNK,CD3D,3.5294117647058822,0.02446401813740983,0.03884866791858751
dNK,GNLY,48.23529411764706,0.7272481691406416,1.0
dNK,NKG7,39.705882352941174,0.578372964143219,0.7520676892966035
dNK,MS4A7,2.6470588235294117,0.018348013603057375,0.03964667216811884
dNK,CD14,1.4705882352941175,0.011385885326199678,0.016440621272096778
dNK,MRC1,1.1764705882352942,0.008154672712469944,0.010797455528531369
dNK,LYVE1,2.3529411764705883,0.016309345424939888,0.022000728727410716
dNK,HLA-DRA,5.294117647058823,0.04146620494856374,0.05200316247284419
dNK,CD74,2.3529411764705883,0.019886978731776635,0.026910344765250383
dNK,HBA1,3.823529411764706,0.030926443364869303,0.07345936901683649
dNK,HBB,2.0588235294117645,0.016655766118046898,0.02364731491522981
M,TP63,1.1904761904761905,0.008251752149523159,0.02470190990849821
M,TIMP3,1.1904761904761905,0.008251752149523159,0.02392750232380777
M,IFI6,1.1904761904761905,0.008251752149523159,0.017640856694550452
M,HLA-G,0.0,0.0,0.0
M,PRG2,1.1904761904761905,0.008251752149523159,0.011501514891644825
M,ERVW-1,1.1904761904761905,0.008251752149523159,0.011162748004341043
M,HOPX,1.1904761904761905,0.008251752149523159,0.02057718850360582
M,DKK1,1.1904761904761905,0.008251752149523159,0.012718532242644184
M,VIM,4.761904761904762,0.03783397417080887,0.04799348044593521
M,PGR,1.1904761904761905,0.008251752149523159,0.014933979223573415
M,IGF1,3.571428571428571,0.024755256448569473,0.036221170753865044
M,BMP5,1.1904761904761905,0.008251752149523159,0.009344180101059146
M,DPPN,2.380952380952381,0.016503504299046318,0.045386689254833364
M,ACTA2,5.952380952380952,0.04608572632033203,0.08855210793850765
M,AFF2,1.1904761904761905,0.008251752149523159,0.009948260490071165
M,POU5F1,1.1904761904761905,0.008251752149523159,0.014199285655481108
M,PAEP,2.380952380952381,0.026157435444478804,0.04688359094245264
M,KRT7,5.952380952380952,0.04608572632033203,0.07653550582716387
M,TP73,1.1904761904761905,0.008251752149523159,0.01527741429738568
M,PECAM1,7.142857142857142,0.05916444404257143,0.05679087250516827
M,VWF,3.571428571428571,0.024755256448569473,0.021129684989340185
M,MECOM,3.571428571428571,0.024755256448569473,0.03454042921736978
M,PROX1,3.571428571428571,0.024755256448569473,0.06166521457316004
M,CCL21,8.333333333333332,0.057762265046662105,0.08338166136654605
M,IGHM,0.0,0.0,0.0
M,BCL11A,1.1904761904761905,0.008251752149523159,0.014586047785961289
M,CD3D,3.571428571428571,0.024755256448569473,0.03931115206047545
M,GNLY,0.0,0.0,0.0
M,NKG7,7.142857142857142,0.049510512897138946,0.06437931808517354
M,MS4A7,26.190476190476193,0.32231774463973717,0.6964691781986545
M,CD14,42.857142857142854,0.6782513880613446,0.9793594330984176
M,MRC1,0.0,0.0,0.0
M,LYVE1,1.1904761904761905,0.008251752149523159,0.011131321082320898
M,HLA-DRA,48.80952380952381,0.797378524242967,1.0
M,CD74,3.571428571428571,0.029582222021285718,0.04002959948073836
M,HBA1,1.1904761904761905,0.008251752149523159,0.019600330339823967
M,HBB,3.571428571428571,0.024755256448569473,0.03514670780663202
HB,TP63,3.7783375314861463,0.028232085452432013,0.08451373947474877
HB,TIMP3,2.770780856423174,0.022269557457138264,0.06457475674867892
HB,IFI6,1.7632241813602016,0.012221738700049414,0.02612801948714273
HB,HLA-G,2.0151133501259446,0.014989024061933821,0.03030182188054298
HB,PRG2,2.0151133501259446,0.014989024061933821,0.020892106347318813
HB,ERVW-1,2.0151133501259446,0.017031669442831375,0.023039983586340348
HB,HOPX,4.534005037783375,0.033469973466738905,0.08346323795917335
HB,DKK1,4.030226700251889,0.029978048123867642,0.046205553042087226
HB,VIM,3.5264483627204033,0.029253408142880792,0.03710878654575914
HB,PGR,3.5264483627204033,0.02648612278099638,0.04793445078779682
HB,IGF1,2.518891687657431,0.018480949404805082,0.027040787296051944
HB,BMP5,1.5113350125944585,0.01149709871906256,0.013019169641054361
HB,DPPN,5.037783375314862,0.035940576119161384,0.09884105402113451
HB,ACTA2,2.0151133501259446,0.013967701371485043,0.02683844865335028
HB,AFF2,2.0151133501259446,0.0160103467523826,0.019301973343718394
HB,POU5F1,2.0151133501259446,0.013967701371485043,0.024035062872753914
HB,PAEP,4.785894206549118,0.03419461344772575,0.061289122655824174
HB,KRT7,5.289672544080604,0.03972918417149457,0.06597906661014043
HB,TP73,3.27455919395466,0.022697514728663194,0.042022509855781265
HB,PECAM1,6.297229219143577,0.0560362136333391,0.05302808340935797
HB,VWF,1.7632241813602016,0.01324306139049819,0.011303527234996192
HB,MECOM,1.5113350125944585,0.01149709871906256,0.01604163242404387
HB,PROX1,2.2670025188916876,0.015713664042920673,0.03914265509429806
HB,CCL21,0.7556675062972292,0.005237888014306891,0.007561057453893345
HB,IGHM,1.2594458438287155,0.008729813357178151,0.014440213518907296
HB,BCL11A,2.2670025188916876,0.01775630942381823,0.03138659197042096
HB,CD3D,1.2594458438287155,0.008729813357178151,0.013862874782031645
HB,GNLY,0.7556675062972292,0.005237888014306891,0.007202339224169216
HB,NKG7,3.7783375314861463,0.026189440071534457,0.03405455112817744
HB,MS4A7,36.02015113350126,0.4627882392059024,1.0
HB,CD14,46.34760705289673,0.6925459286337275,1.0
HB,MRC1,47.3551637279597,0.7552402221914142,1.0
HB,LYVE1,48.614609571788414,0.7413093278414942,1.0
HB,HLA-DRA,3.022670025188917,0.021972874747676344,0.027556391449766526
HB,CD74,3.022670025188917,0.021972874747676344,0.029732904274635884
HB,HBA1,1.0075566750629723,0.006983850685742522,0.016588692680556304
HB,HBB,0.7556675062972292,0.005237888014306891,0.007436583011982593
DC,TP63,1.8181818181818181,0.012602676010180823,0.03772655331479726
DC,TIMP3,0.6060606060606061,0.004200892003393608,0.012181273910302135
DC,IFI6,2.727272727272727,0.02013269616105355,0.04304031451945574
DC,HLA-G,1.2121212121212122,0.008401784006787216,0.01698505262253978
DC,PRG2,2.727272727272727,0.021004460016968037,0.02927658336055046
DC,ERVW-1,3.3333333333333335,0.02679095245601179,0.0362420787299123
DC,HOPX,3.3333333333333335,0.023104906018664842,0.057616127810096285
DC,DKK1,0.6060606060606061,0.004200892003393608,0.006474889141709766
DC,VIM,5.151515151515151,0.03693626417462798,0.04685470959005536
DC,PGR,1.8181818181818181,0.012602676010180823,0.022808259177821213
DC,IGF1,0.30303030303030304,0.002100446001696804,0.0030733114579037006
DC,BMP5,3.6363636363636362,0.025205352020361647,0.0285422228541443
DC,DPPN,0.9090909090909091,0.006301338005090412,0.017329463170027284
DC,ACTA2,3.3333333333333335,0.02801963460179411,0.05383874587132122
DC,AFF2,2.1212121212121215,0.015931804157659945,0.019207282885533437
DC,POU5F1,1.8181818181818181,0.01383135815596314,0.02380044891085805
DC,PAEP,3.939393939393939,0.028534480167840763,0.05114411536192667
DC,KRT7,6.666666666666667,0.05322498662215575,0.08839182104793118
DC,TP73,2.4242424242424243,0.01803225015935675,0.03338517098026405
DC,PECAM1,3.0303030303030303,0.02346182430853267,0.013846008907326771
DC,VWF,2.4242424242424243,0.022590060452618188,0.019281596304430798
DC,MECOM,1.5151515151515151,0.011730912154266335,0.016367866831088065
DC,PROX1,2.727272727272727,0.018904014015271232,0.04708980021950403
DC,CCL21,2.4242424242424243,0.01803225015935675,0.02603012494835011
DC,IGHM,0.9090909090909091,0.006301338005090412,0.010423208667283995
DC,BCL11A,3.6363636363636362,0.02766271631192628,0.04889745774036171
DC,CD3D,2.727272727272727,0.02013269616105355,0.0319705627699228
DC,GNLY,3.0303030303030303,0.023104906018664842,0.03177031857772421
DC,NKG7,4.242424242424243,0.03186360831531989,0.04143276356953073
DC,MS4A7,1.2121212121212122,0.008401784006787216,0.018154705100552736
DC,CD14,2.727272727272727,0.02013269616105355,0.029070557386384255
DC,MRC1,3.6363636363636362,0.026434034166143965,0.035000829391001784
DC,LYVE1,2.727272727272727,0.022590060452618185,0.03047319061584554
DC,HLA-DRA,36.36363636363637,0.5047902261444162,0.6330622292889881
DC,CD74,44.84848484848485,0.7390086936922824,1.0
DC,HBA1,2.727272727272727,0.02013269616105355,0.0478210552422807
DC,HBB,0.30303030303030304,0.002100446001696804,0.002982144904805141
Ery,TP63,0.8064516129032258,0.005589896617418913,0.016733551873498783
Ery,TIMP3,1.2096774193548387,0.008384844926128369,0.024313429780643374
Ery,IFI6,0.4032258064516129,0.0027949483087094567,0.005975128880412249
Ery,HLA-G,2.82258064516129,0.0228345180650643,0.04616227822949733
Ery,PRG2,3.6290322580645165,0.02515453477838511,0.03506106958904631
Ery,ERVW-1,0.8064516129032258,0.005589896617418913,0.007561861551327803
Ery,HOPX,2.4193548387096775,0.016769689852256738,0.041818157281521495
Ery,DKK1,1.2096774193548387,0.012814733186886878,0.019751513892443017
Ery,VIM,5.241935483870968,0.03796926796527198,0.048165104501333315
Ery,PGR,4.032258064516129,0.030744431395804024,0.05564111613944288
Ery,IGF1,2.0161290322580645,0.013974741543547284,0.020447435102988333
Ery,BMP5,1.6129032258064515,0.011179793234837827,0.01265985691111239
Ery,DPPN,3.225806451612903,0.023994526421724706,0.06598793170142898
Ery,ACTA2,2.0161290322580645,0.013974741543547282,0.026851976097227975
Ery,AFF2,1.2096774193548387,0.008384844926128369,0.010108716304427149
Ery,POU5F1,1.6129032258064515,0.011179793234837827,0.01923774185581311
Ery,PAEP,1.2096774193548387,0.008384844926128369,0.015028676663158056
Ery,KRT7,2.0161290322580645,0.013974741543547284,0.023208138359477336
Ery,TP73,1.2096774193548387,0.008384844926128369,0.015523824205408026
Ery,PECAM1,3.225806451612903,0.023994526421724706,0.014486769158527698
Ery,VWF,2.0161290322580645,0.015609681495596333,0.013323540132622734
Ery,MECOM,1.2096774193548387,0.01001978487817742,0.013980371040670781
Ery,PROX1,2.0161290322580645,0.013974741543547282,0.034811008226783895
Ery,CCL21,2.0161290322580645,0.017244621447645384,0.024893157925512055
Ery,IGHM,2.4193548387096775,0.016769689852256738,0.027739184356481594
Ery,BCL11A,2.0161290322580645,0.013974741543547282,0.02470217770203121
Ery,CD3D,2.0161290322580645,0.017244621447645384,0.027384322895709613
Ery,GNLY,1.6129032258064515,0.011179793234837827,0.015372734795673002
Ery,NKG7,6.048387096774194,0.041924224630641854,0.05451474515276793
Ery,MS4A7,4.838709677419355,0.04171407946475873,0.09013642943117106
Ery,CD14,0.8064516129032258,0.005589896617418913,0.008071517550390926
Ery,MRC1,2.0161290322580645,0.015609681495596333,0.020668498627235573
Ery,LYVE1,0.0,0.0,0.0
Ery,HLA-DRA,3.225806451612903,0.023994526421724706,0.030091764064633125
Ery,CD74,1.2096774193548387,0.008384844926128369,0.011346070753559707
Ery,HBA1,31.048387096774192,0.4210006671549429,1.0
Ery,HBB,46.774193548387096,0.7043406905923142,1.0
